[2025-07-16 22:33:56] local.ERROR: Unclosed '{' on line 101 {"exception":"[object] (ParseError(code: 0): Unclosed '{' on line 101 at E:\\laragon\\www\\HaDuongThanh-KLTN-job-survey\\HaDuongThanh-KLTN-job-survey\\routes\\web.php:243)
[stacktrace]
#0 E:\\laragon\\www\\HaDuongThanh-KLTN-job-survey\\HaDuongThanh-KLTN-job-survey\\vendor\\laravel\\framework\\src\\Illuminate\\Routing\\Router.php(512): Illuminate\\Routing\\RouteFileRegistrar->register('E:\\\\laragon\\\\www\\\\...')
#1 E:\\laragon\\www\\HaDuongThanh-KLTN-job-survey\\HaDuongThanh-KLTN-job-survey\\vendor\\laravel\\framework\\src\\Illuminate\\Routing\\Router.php(466): Illuminate\\Routing\\Router->loadRoutes('E:\\\\laragon\\\\www\\\\...')
#2 E:\\laragon\\www\\HaDuongThanh-KLTN-job-survey\\HaDuongThanh-KLTN-job-survey\\vendor\\laravel\\framework\\src\\Illuminate\\Routing\\RouteRegistrar.php(206): Illuminate\\Routing\\Router->group(Array, 'E:\\\\laragon\\\\www\\\\...')
#3 E:\\laragon\\www\\HaDuongThanh-KLTN-job-survey\\HaDuongThanh-KLTN-job-survey\\vendor\\laravel\\framework\\src\\Illuminate\\Foundation\\Configuration\\ApplicationBuilder.php(248): Illuminate\\Routing\\RouteRegistrar->group('E:\\\\laragon\\\\www\\\\...')
#4 E:\\laragon\\www\\HaDuongThanh-KLTN-job-survey\\HaDuongThanh-KLTN-job-survey\\vendor\\laravel\\framework\\src\\Illuminate\\Container\\BoundMethod.php(36): Illuminate\\Foundation\\Configuration\\ApplicationBuilder->Illuminate\\Foundation\\Configuration\\{closure}()
#5 E:\\laragon\\www\\HaDuongThanh-KLTN-job-survey\\HaDuongThanh-KLTN-job-survey\\vendor\\laravel\\framework\\src\\Illuminate\\Container\\Util.php(43): Illuminate\\Container\\BoundMethod::Illuminate\\Container\\{closure}()
#6 E:\\laragon\\www\\HaDuongThanh-KLTN-job-survey\\HaDuongThanh-KLTN-job-survey\\vendor\\laravel\\framework\\src\\Illuminate\\Container\\BoundMethod.php(84): Illuminate\\Container\\Util::unwrapIfClosure(Object(Closure))
#7 E:\\laragon\\www\\HaDuongThanh-KLTN-job-survey\\HaDuongThanh-KLTN-job-survey\\vendor\\laravel\\framework\\src\\Illuminate\\Container\\BoundMethod.php(35): Illuminate\\Container\\BoundMethod::callBoundMethod(Object(Illuminate\\Foundation\\Application), Object(Closure), Object(Closure))
#8 E:\\laragon\\www\\HaDuongThanh-KLTN-job-survey\\HaDuongThanh-KLTN-job-survey\\vendor\\laravel\\framework\\src\\Illuminate\\Container\\Container.php(754): Illuminate\\Container\\BoundMethod::call(Object(Illuminate\\Foundation\\Application), Object(Closure), Array, NULL)
#9 E:\\laragon\\www\\HaDuongThanh-KLTN-job-survey\\HaDuongThanh-KLTN-job-survey\\vendor\\laravel\\framework\\src\\Illuminate\\Foundation\\Support\\Providers\\RouteServiceProvider.php(162): Illuminate\\Container\\Container->call(Object(Closure))
#10 E:\\laragon\\www\\HaDuongThanh-KLTN-job-survey\\HaDuongThanh-KLTN-job-survey\\vendor\\laravel\\framework\\src\\Illuminate\\Foundation\\Support\\Providers\\RouteServiceProvider.php(59): Illuminate\\Foundation\\Support\\Providers\\RouteServiceProvider->loadRoutes()
#11 E:\\laragon\\www\\HaDuongThanh-KLTN-job-survey\\HaDuongThanh-KLTN-job-survey\\vendor\\laravel\\framework\\src\\Illuminate\\Container\\BoundMethod.php(36): Illuminate\\Foundation\\Support\\Providers\\RouteServiceProvider->Illuminate\\Foundation\\Support\\Providers\\{closure}()
#12 E:\\laragon\\www\\HaDuongThanh-KLTN-job-survey\\HaDuongThanh-KLTN-job-survey\\vendor\\laravel\\framework\\src\\Illuminate\\Container\\Util.php(43): Illuminate\\Container\\BoundMethod::Illuminate\\Container\\{closure}()
#13 E:\\laragon\\www\\HaDuongThanh-KLTN-job-survey\\HaDuongThanh-KLTN-job-survey\\vendor\\laravel\\framework\\src\\Illuminate\\Container\\BoundMethod.php(84): Illuminate\\Container\\Util::unwrapIfClosure(Object(Closure))
#14 E:\\laragon\\www\\HaDuongThanh-KLTN-job-survey\\HaDuongThanh-KLTN-job-survey\\vendor\\laravel\\framework\\src\\Illuminate\\Container\\BoundMethod.php(35): Illuminate\\Container\\BoundMethod::callBoundMethod(Object(Illuminate\\Foundation\\Application), Object(Closure), Object(Closure))
#15 E:\\laragon\\www\\HaDuongThanh-KLTN-job-survey\\HaDuongThanh-KLTN-job-survey\\vendor\\laravel\\framework\\src\\Illuminate\\Container\\Container.php(754): Illuminate\\Container\\BoundMethod::call(Object(Illuminate\\Foundation\\Application), Object(Closure), Array, NULL)
#16 E:\\laragon\\www\\HaDuongThanh-KLTN-job-survey\\HaDuongThanh-KLTN-job-survey\\vendor\\laravel\\framework\\src\\Illuminate\\Support\\ServiceProvider.php(143): Illuminate\\Container\\Container->call(Object(Closure))
#17 E:\\laragon\\www\\HaDuongThanh-KLTN-job-survey\\HaDuongThanh-KLTN-job-survey\\vendor\\laravel\\framework\\src\\Illuminate\\Foundation\\Application.php(1153): Illuminate\\Support\\ServiceProvider->callBootedCallbacks()
#18 E:\\laragon\\www\\HaDuongThanh-KLTN-job-survey\\HaDuongThanh-KLTN-job-survey\\vendor\\laravel\\framework\\src\\Illuminate\\Foundation\\Application.php(1131): Illuminate\\Foundation\\Application->bootProvider(Object(Illuminate\\Foundation\\Support\\Providers\\RouteServiceProvider))
#19 [internal function]: Illuminate\\Foundation\\Application->Illuminate\\Foundation\\{closure}(Object(Illuminate\\Foundation\\Support\\Providers\\RouteServiceProvider), 'Illuminate\\\\Foun...')
#20 E:\\laragon\\www\\HaDuongThanh-KLTN-job-survey\\HaDuongThanh-KLTN-job-survey\\vendor\\laravel\\framework\\src\\Illuminate\\Foundation\\Application.php(1130): array_walk(Array, Object(Closure))
#21 E:\\laragon\\www\\HaDuongThanh-KLTN-job-survey\\HaDuongThanh-KLTN-job-survey\\vendor\\laravel\\framework\\src\\Illuminate\\Foundation\\Bootstrap\\BootProviders.php(17): Illuminate\\Foundation\\Application->boot()
#22 E:\\laragon\\www\\HaDuongThanh-KLTN-job-survey\\HaDuongThanh-KLTN-job-survey\\vendor\\laravel\\framework\\src\\Illuminate\\Foundation\\Application.php(341): Illuminate\\Foundation\\Bootstrap\\BootProviders->bootstrap(Object(Illuminate\\Foundation\\Application))
#23 E:\\laragon\\www\\HaDuongThanh-KLTN-job-survey\\HaDuongThanh-KLTN-job-survey\\vendor\\laravel\\framework\\src\\Illuminate\\Foundation\\Http\\Kernel.php(186): Illuminate\\Foundation\\Application->bootstrapWith(Array)
#24 E:\\laragon\\www\\HaDuongThanh-KLTN-job-survey\\HaDuongThanh-KLTN-job-survey\\vendor\\laravel\\framework\\src\\Illuminate\\Foundation\\Http\\Kernel.php(170): Illuminate\\Foundation\\Http\\Kernel->bootstrap()
#25 E:\\laragon\\www\\HaDuongThanh-KLTN-job-survey\\HaDuongThanh-KLTN-job-survey\\vendor\\laravel\\framework\\src\\Illuminate\\Foundation\\Http\\Kernel.php(144): Illuminate\\Foundation\\Http\\Kernel->sendRequestThroughRouter(Object(Illuminate\\Http\\Request))
#26 E:\\laragon\\www\\HaDuongThanh-KLTN-job-survey\\HaDuongThanh-KLTN-job-survey\\vendor\\laravel\\framework\\src\\Illuminate\\Foundation\\Application.php(1219): Illuminate\\Foundation\\Http\\Kernel->handle(Object(Illuminate\\Http\\Request))
#27 E:\\laragon\\www\\HaDuongThanh-KLTN-job-survey\\HaDuongThanh-KLTN-job-survey\\public\\index.php(20): Illuminate\\Foundation\\Application->handleRequest(Object(Illuminate\\Http\\Request))
#28 E:\\laragon\\www\\HaDuongThanh-KLTN-job-survey\\HaDuongThanh-KLTN-job-survey\\vendor\\laravel\\framework\\src\\Illuminate\\Foundation\\resources\\server.php(23): require_once('E:\\\\laragon\\\\www\\\\...')
#29 {main}
"} 
[2025-07-16 22:36:42] local.ERROR: Call to undefined relationship [trainingIndustry] on model [App\Models\Student]. {"userId":1,"exception":"[object] (Illuminate\\Database\\Eloquent\\RelationNotFoundException(code: 0): Call to undefined relationship [trainingIndustry] on model [App\\Models\\Student]. at E:\\laragon\\www\\HaDuongThanh-KLTN-job-survey\\HaDuongThanh-KLTN-job-survey\\vendor\\laravel\\framework\\src\\Illuminate\\Database\\Eloquent\\RelationNotFoundException.php:35)
[stacktrace]
#0 E:\\laragon\\www\\HaDuongThanh-KLTN-job-survey\\HaDuongThanh-KLTN-job-survey\\vendor\\laravel\\framework\\src\\Illuminate\\Database\\Eloquent\\Builder.php(942): Illuminate\\Database\\Eloquent\\RelationNotFoundException::make(Object(App\\Models\\Student), 'trainingIndustr...')
#1 E:\\laragon\\www\\HaDuongThanh-KLTN-job-survey\\HaDuongThanh-KLTN-job-survey\\vendor\\laravel\\framework\\src\\Illuminate\\Database\\Eloquent\\Relations\\Relation.php(119): Illuminate\\Database\\Eloquent\\Builder->Illuminate\\Database\\Eloquent\\{closure}()
#2 E:\\laragon\\www\\HaDuongThanh-KLTN-job-survey\\HaDuongThanh-KLTN-job-survey\\vendor\\laravel\\framework\\src\\Illuminate\\Database\\Eloquent\\Builder.php(938): Illuminate\\Database\\Eloquent\\Relations\\Relation::noConstraints(Object(Closure))
#3 E:\\laragon\\www\\HaDuongThanh-KLTN-job-survey\\HaDuongThanh-KLTN-job-survey\\vendor\\laravel\\framework\\src\\Illuminate\\Database\\Eloquent\\Builder.php(912): Illuminate\\Database\\Eloquent\\Builder->getRelation('trainingIndustr...')
#4 E:\\laragon\\www\\HaDuongThanh-KLTN-job-survey\\HaDuongThanh-KLTN-job-survey\\vendor\\laravel\\framework\\src\\Illuminate\\Database\\Eloquent\\Builder.php(892): Illuminate\\Database\\Eloquent\\Builder->eagerLoadRelation(Array, 'trainingIndustr...', Object(Closure))
#5 E:\\laragon\\www\\HaDuongThanh-KLTN-job-survey\\HaDuongThanh-KLTN-job-survey\\vendor\\laravel\\framework\\src\\Illuminate\\Database\\Eloquent\\Relations\\BelongsToMany.php(918): Illuminate\\Database\\Eloquent\\Builder->eagerLoadRelations(Array)
#6 E:\\laragon\\www\\HaDuongThanh-KLTN-job-survey\\HaDuongThanh-KLTN-job-survey\\vendor\\laravel\\framework\\src\\Illuminate\\Database\\Eloquent\\Relations\\Relation.php(175): Illuminate\\Database\\Eloquent\\Relations\\BelongsToMany->get()
#7 E:\\laragon\\www\\HaDuongThanh-KLTN-job-survey\\HaDuongThanh-KLTN-job-survey\\vendor\\laravel\\framework\\src\\Illuminate\\Database\\Eloquent\\Builder.php(923): Illuminate\\Database\\Eloquent\\Relations\\Relation->getEager()
#8 E:\\laragon\\www\\HaDuongThanh-KLTN-job-survey\\HaDuongThanh-KLTN-job-survey\\vendor\\laravel\\framework\\src\\Illuminate\\Database\\Eloquent\\Builder.php(892): Illuminate\\Database\\Eloquent\\Builder->eagerLoadRelation(Array, 'students', Object(Closure))
#9 E:\\laragon\\www\\HaDuongThanh-KLTN-job-survey\\HaDuongThanh-KLTN-job-survey\\vendor\\laravel\\framework\\src\\Illuminate\\Database\\Eloquent\\Relations\\BelongsToMany.php(918): Illuminate\\Database\\Eloquent\\Builder->eagerLoadRelations(Array)
#10 E:\\laragon\\www\\HaDuongThanh-KLTN-job-survey\\HaDuongThanh-KLTN-job-survey\\vendor\\laravel\\framework\\src\\Illuminate\\Database\\Eloquent\\Relations\\Relation.php(175): Illuminate\\Database\\Eloquent\\Relations\\BelongsToMany->get()
#11 E:\\laragon\\www\\HaDuongThanh-KLTN-job-survey\\HaDuongThanh-KLTN-job-survey\\vendor\\laravel\\framework\\src\\Illuminate\\Database\\Eloquent\\Builder.php(923): Illuminate\\Database\\Eloquent\\Relations\\Relation->getEager()
#12 E:\\laragon\\www\\HaDuongThanh-KLTN-job-survey\\HaDuongThanh-KLTN-job-survey\\vendor\\laravel\\framework\\src\\Illuminate\\Database\\Eloquent\\Builder.php(892): Illuminate\\Database\\Eloquent\\Builder->eagerLoadRelation(Array, 'graduations', Object(Closure))
#13 E:\\laragon\\www\\HaDuongThanh-KLTN-job-survey\\HaDuongThanh-KLTN-job-survey\\vendor\\laravel\\framework\\src\\Illuminate\\Database\\Eloquent\\Builder.php(854): Illuminate\\Database\\Eloquent\\Builder->eagerLoadRelations(Array)
#14 E:\\laragon\\www\\HaDuongThanh-KLTN-job-survey\\HaDuongThanh-KLTN-job-survey\\vendor\\laravel\\framework\\src\\Illuminate\\Database\\Concerns\\BuildsQueries.php(366): Illuminate\\Database\\Eloquent\\Builder->get(Array)
#15 E:\\laragon\\www\\HaDuongThanh-KLTN-job-survey\\HaDuongThanh-KLTN-job-survey\\vendor\\laravel\\framework\\src\\Illuminate\\Database\\Eloquent\\Builder.php(537): Illuminate\\Database\\Eloquent\\Builder->first(Array)
#16 E:\\laragon\\www\\HaDuongThanh-KLTN-job-survey\\HaDuongThanh-KLTN-job-survey\\vendor\\laravel\\framework\\src\\Illuminate\\Database\\Eloquent\\Builder.php(584): Illuminate\\Database\\Eloquent\\Builder->find('3', Array)
#17 E:\\laragon\\www\\HaDuongThanh-KLTN-job-survey\\HaDuongThanh-KLTN-job-survey\\app\\Http\\Controllers\\ContactSurveyController.php(164): Illuminate\\Database\\Eloquent\\Builder->findOrFail('3')
#18 E:\\laragon\\www\\HaDuongThanh-KLTN-job-survey\\HaDuongThanh-KLTN-job-survey\\vendor\\laravel\\framework\\src\\Illuminate\\Routing\\ControllerDispatcher.php(46): App\\Http\\Controllers\\ContactSurveyController->showForm('3')
#19 E:\\laragon\\www\\HaDuongThanh-KLTN-job-survey\\HaDuongThanh-KLTN-job-survey\\vendor\\laravel\\framework\\src\\Illuminate\\Routing\\Route.php(265): Illuminate\\Routing\\ControllerDispatcher->dispatch(Object(Illuminate\\Routing\\Route), Object(App\\Http\\Controllers\\ContactSurveyController), 'showForm')
#20 E:\\laragon\\www\\HaDuongThanh-KLTN-job-survey\\HaDuongThanh-KLTN-job-survey\\vendor\\laravel\\framework\\src\\Illuminate\\Routing\\Route.php(211): Illuminate\\Routing\\Route->runController()
#21 E:\\laragon\\www\\HaDuongThanh-KLTN-job-survey\\HaDuongThanh-KLTN-job-survey\\vendor\\laravel\\framework\\src\\Illuminate\\Routing\\Router.php(808): Illuminate\\Routing\\Route->run()
#22 E:\\laragon\\www\\HaDuongThanh-KLTN-job-survey\\HaDuongThanh-KLTN-job-survey\\vendor\\laravel\\framework\\src\\Illuminate\\Pipeline\\Pipeline.php(169): Illuminate\\Routing\\Router->Illuminate\\Routing\\{closure}(Object(Illuminate\\Http\\Request))
#23 E:\\laragon\\www\\HaDuongThanh-KLTN-job-survey\\HaDuongThanh-KLTN-job-survey\\app\\Http\\Middleware\\AuthenticateSSO.php(33): Illuminate\\Pipeline\\Pipeline->Illuminate\\Pipeline\\{closure}(Object(Illuminate\\Http\\Request))
#24 E:\\laragon\\www\\HaDuongThanh-KLTN-job-survey\\HaDuongThanh-KLTN-job-survey\\vendor\\laravel\\framework\\src\\Illuminate\\Pipeline\\Pipeline.php(208): App\\Http\\Middleware\\AuthenticateSSO->handle(Object(Illuminate\\Http\\Request), Object(Closure))
#25 E:\\laragon\\www\\HaDuongThanh-KLTN-job-survey\\HaDuongThanh-KLTN-job-survey\\vendor\\laravel\\framework\\src\\Illuminate\\Routing\\Middleware\\SubstituteBindings.php(50): Illuminate\\Pipeline\\Pipeline->Illuminate\\Pipeline\\{closure}(Object(Illuminate\\Http\\Request))
#26 E:\\laragon\\www\\HaDuongThanh-KLTN-job-survey\\HaDuongThanh-KLTN-job-survey\\vendor\\laravel\\framework\\src\\Illuminate\\Pipeline\\Pipeline.php(208): Illuminate\\Routing\\Middleware\\SubstituteBindings->handle(Object(Illuminate\\Http\\Request), Object(Closure))
#27 E:\\laragon\\www\\HaDuongThanh-KLTN-job-survey\\HaDuongThanh-KLTN-job-survey\\vendor\\laravel\\framework\\src\\Illuminate\\Foundation\\Http\\Middleware\\VerifyCsrfToken.php(87): Illuminate\\Pipeline\\Pipeline->Illuminate\\Pipeline\\{closure}(Object(Illuminate\\Http\\Request))
#28 E:\\laragon\\www\\HaDuongThanh-KLTN-job-survey\\HaDuongThanh-KLTN-job-survey\\vendor\\laravel\\framework\\src\\Illuminate\\Pipeline\\Pipeline.php(208): Illuminate\\Foundation\\Http\\Middleware\\VerifyCsrfToken->handle(Object(Illuminate\\Http\\Request), Object(Closure))
#29 E:\\laragon\\www\\HaDuongThanh-KLTN-job-survey\\HaDuongThanh-KLTN-job-survey\\vendor\\laravel\\framework\\src\\Illuminate\\View\\Middleware\\ShareErrorsFromSession.php(48): Illuminate\\Pipeline\\Pipeline->Illuminate\\Pipeline\\{closure}(Object(Illuminate\\Http\\Request))
#30 E:\\laragon\\www\\HaDuongThanh-KLTN-job-survey\\HaDuongThanh-KLTN-job-survey\\vendor\\laravel\\framework\\src\\Illuminate\\Pipeline\\Pipeline.php(208): Illuminate\\View\\Middleware\\ShareErrorsFromSession->handle(Object(Illuminate\\Http\\Request), Object(Closure))
#31 E:\\laragon\\www\\HaDuongThanh-KLTN-job-survey\\HaDuongThanh-KLTN-job-survey\\vendor\\laravel\\framework\\src\\Illuminate\\Session\\Middleware\\StartSession.php(120): Illuminate\\Pipeline\\Pipeline->Illuminate\\Pipeline\\{closure}(Object(Illuminate\\Http\\Request))
#32 E:\\laragon\\www\\HaDuongThanh-KLTN-job-survey\\HaDuongThanh-KLTN-job-survey\\vendor\\laravel\\framework\\src\\Illuminate\\Session\\Middleware\\StartSession.php(63): Illuminate\\Session\\Middleware\\StartSession->handleStatefulRequest(Object(Illuminate\\Http\\Request), Object(Illuminate\\Session\\Store), Object(Closure))
#33 E:\\laragon\\www\\HaDuongThanh-KLTN-job-survey\\HaDuongThanh-KLTN-job-survey\\vendor\\laravel\\framework\\src\\Illuminate\\Pipeline\\Pipeline.php(208): Illuminate\\Session\\Middleware\\StartSession->handle(Object(Illuminate\\Http\\Request), Object(Closure))
#34 E:\\laragon\\www\\HaDuongThanh-KLTN-job-survey\\HaDuongThanh-KLTN-job-survey\\vendor\\laravel\\framework\\src\\Illuminate\\Cookie\\Middleware\\AddQueuedCookiesToResponse.php(36): Illuminate\\Pipeline\\Pipeline->Illuminate\\Pipeline\\{closure}(Object(Illuminate\\Http\\Request))
#35 E:\\laragon\\www\\HaDuongThanh-KLTN-job-survey\\HaDuongThanh-KLTN-job-survey\\vendor\\laravel\\framework\\src\\Illuminate\\Pipeline\\Pipeline.php(208): Illuminate\\Cookie\\Middleware\\AddQueuedCookiesToResponse->handle(Object(Illuminate\\Http\\Request), Object(Closure))
#36 E:\\laragon\\www\\HaDuongThanh-KLTN-job-survey\\HaDuongThanh-KLTN-job-survey\\vendor\\laravel\\framework\\src\\Illuminate\\Cookie\\Middleware\\EncryptCookies.php(74): Illuminate\\Pipeline\\Pipeline->Illuminate\\Pipeline\\{closure}(Object(Illuminate\\Http\\Request))
#37 E:\\laragon\\www\\HaDuongThanh-KLTN-job-survey\\HaDuongThanh-KLTN-job-survey\\vendor\\laravel\\framework\\src\\Illuminate\\Pipeline\\Pipeline.php(208): Illuminate\\Cookie\\Middleware\\EncryptCookies->handle(Object(Illuminate\\Http\\Request), Object(Closure))
#38 E:\\laragon\\www\\HaDuongThanh-KLTN-job-survey\\HaDuongThanh-KLTN-job-survey\\vendor\\laravel\\framework\\src\\Illuminate\\Pipeline\\Pipeline.php(126): Illuminate\\Pipeline\\Pipeline->Illuminate\\Pipeline\\{closure}(Object(Illuminate\\Http\\Request))
#39 E:\\laragon\\www\\HaDuongThanh-KLTN-job-survey\\HaDuongThanh-KLTN-job-survey\\vendor\\laravel\\framework\\src\\Illuminate\\Routing\\Router.php(807): Illuminate\\Pipeline\\Pipeline->then(Object(Closure))
#40 E:\\laragon\\www\\HaDuongThanh-KLTN-job-survey\\HaDuongThanh-KLTN-job-survey\\vendor\\laravel\\framework\\src\\Illuminate\\Routing\\Router.php(786): Illuminate\\Routing\\Router->runRouteWithinStack(Object(Illuminate\\Routing\\Route), Object(Illuminate\\Http\\Request))
#41 E:\\laragon\\www\\HaDuongThanh-KLTN-job-survey\\HaDuongThanh-KLTN-job-survey\\vendor\\laravel\\framework\\src\\Illuminate\\Routing\\Router.php(750): Illuminate\\Routing\\Router->runRoute(Object(Illuminate\\Http\\Request), Object(Illuminate\\Routing\\Route))
#42 E:\\laragon\\www\\HaDuongThanh-KLTN-job-survey\\HaDuongThanh-KLTN-job-survey\\vendor\\laravel\\framework\\src\\Illuminate\\Routing\\Router.php(739): Illuminate\\Routing\\Router->dispatchToRoute(Object(Illuminate\\Http\\Request))
#43 E:\\laragon\\www\\HaDuongThanh-KLTN-job-survey\\HaDuongThanh-KLTN-job-survey\\vendor\\laravel\\framework\\src\\Illuminate\\Foundation\\Http\\Kernel.php(200): Illuminate\\Routing\\Router->dispatch(Object(Illuminate\\Http\\Request))
#44 E:\\laragon\\www\\HaDuongThanh-KLTN-job-survey\\HaDuongThanh-KLTN-job-survey\\vendor\\laravel\\framework\\src\\Illuminate\\Pipeline\\Pipeline.php(169): Illuminate\\Foundation\\Http\\Kernel->Illuminate\\Foundation\\Http\\{closure}(Object(Illuminate\\Http\\Request))
#45 E:\\laragon\\www\\HaDuongThanh-KLTN-job-survey\\HaDuongThanh-KLTN-job-survey\\vendor\\laravel\\framework\\src\\Illuminate\\Foundation\\Http\\Middleware\\TransformsRequest.php(21): Illuminate\\Pipeline\\Pipeline->Illuminate\\Pipeline\\{closure}(Object(Illuminate\\Http\\Request))
#46 E:\\laragon\\www\\HaDuongThanh-KLTN-job-survey\\HaDuongThanh-KLTN-job-survey\\vendor\\laravel\\framework\\src\\Illuminate\\Foundation\\Http\\Middleware\\ConvertEmptyStringsToNull.php(31): Illuminate\\Foundation\\Http\\Middleware\\TransformsRequest->handle(Object(Illuminate\\Http\\Request), Object(Closure))
#47 E:\\laragon\\www\\HaDuongThanh-KLTN-job-survey\\HaDuongThanh-KLTN-job-survey\\vendor\\laravel\\framework\\src\\Illuminate\\Pipeline\\Pipeline.php(208): Illuminate\\Foundation\\Http\\Middleware\\ConvertEmptyStringsToNull->handle(Object(Illuminate\\Http\\Request), Object(Closure))
#48 E:\\laragon\\www\\HaDuongThanh-KLTN-job-survey\\HaDuongThanh-KLTN-job-survey\\vendor\\laravel\\framework\\src\\Illuminate\\Foundation\\Http\\Middleware\\TransformsRequest.php(21): Illuminate\\Pipeline\\Pipeline->Illuminate\\Pipeline\\{closure}(Object(Illuminate\\Http\\Request))
#49 E:\\laragon\\www\\HaDuongThanh-KLTN-job-survey\\HaDuongThanh-KLTN-job-survey\\vendor\\laravel\\framework\\src\\Illuminate\\Foundation\\Http\\Middleware\\TrimStrings.php(51): Illuminate\\Foundation\\Http\\Middleware\\TransformsRequest->handle(Object(Illuminate\\Http\\Request), Object(Closure))
#50 E:\\laragon\\www\\HaDuongThanh-KLTN-job-survey\\HaDuongThanh-KLTN-job-survey\\vendor\\laravel\\framework\\src\\Illuminate\\Pipeline\\Pipeline.php(208): Illuminate\\Foundation\\Http\\Middleware\\TrimStrings->handle(Object(Illuminate\\Http\\Request), Object(Closure))
#51 E:\\laragon\\www\\HaDuongThanh-KLTN-job-survey\\HaDuongThanh-KLTN-job-survey\\vendor\\laravel\\framework\\src\\Illuminate\\Http\\Middleware\\ValidatePostSize.php(27): Illuminate\\Pipeline\\Pipeline->Illuminate\\Pipeline\\{closure}(Object(Illuminate\\Http\\Request))
#52 E:\\laragon\\www\\HaDuongThanh-KLTN-job-survey\\HaDuongThanh-KLTN-job-survey\\vendor\\laravel\\framework\\src\\Illuminate\\Pipeline\\Pipeline.php(208): Illuminate\\Http\\Middleware\\ValidatePostSize->handle(Object(Illuminate\\Http\\Request), Object(Closure))
#53 E:\\laragon\\www\\HaDuongThanh-KLTN-job-survey\\HaDuongThanh-KLTN-job-survey\\vendor\\laravel\\framework\\src\\Illuminate\\Foundation\\Http\\Middleware\\PreventRequestsDuringMaintenance.php(109): Illuminate\\Pipeline\\Pipeline->Illuminate\\Pipeline\\{closure}(Object(Illuminate\\Http\\Request))
#54 E:\\laragon\\www\\HaDuongThanh-KLTN-job-survey\\HaDuongThanh-KLTN-job-survey\\vendor\\laravel\\framework\\src\\Illuminate\\Pipeline\\Pipeline.php(208): Illuminate\\Foundation\\Http\\Middleware\\PreventRequestsDuringMaintenance->handle(Object(Illuminate\\Http\\Request), Object(Closure))
#55 E:\\laragon\\www\\HaDuongThanh-KLTN-job-survey\\HaDuongThanh-KLTN-job-survey\\vendor\\laravel\\framework\\src\\Illuminate\\Http\\Middleware\\HandleCors.php(48): Illuminate\\Pipeline\\Pipeline->Illuminate\\Pipeline\\{closure}(Object(Illuminate\\Http\\Request))
#56 E:\\laragon\\www\\HaDuongThanh-KLTN-job-survey\\HaDuongThanh-KLTN-job-survey\\vendor\\laravel\\framework\\src\\Illuminate\\Pipeline\\Pipeline.php(208): Illuminate\\Http\\Middleware\\HandleCors->handle(Object(Illuminate\\Http\\Request), Object(Closure))
#57 E:\\laragon\\www\\HaDuongThanh-KLTN-job-survey\\HaDuongThanh-KLTN-job-survey\\vendor\\laravel\\framework\\src\\Illuminate\\Http\\Middleware\\TrustProxies.php(58): Illuminate\\Pipeline\\Pipeline->Illuminate\\Pipeline\\{closure}(Object(Illuminate\\Http\\Request))
#58 E:\\laragon\\www\\HaDuongThanh-KLTN-job-survey\\HaDuongThanh-KLTN-job-survey\\vendor\\laravel\\framework\\src\\Illuminate\\Pipeline\\Pipeline.php(208): Illuminate\\Http\\Middleware\\TrustProxies->handle(Object(Illuminate\\Http\\Request), Object(Closure))
#59 E:\\laragon\\www\\HaDuongThanh-KLTN-job-survey\\HaDuongThanh-KLTN-job-survey\\vendor\\laravel\\framework\\src\\Illuminate\\Foundation\\Http\\Middleware\\InvokeDeferredCallbacks.php(22): Illuminate\\Pipeline\\Pipeline->Illuminate\\Pipeline\\{closure}(Object(Illuminate\\Http\\Request))
#60 E:\\laragon\\www\\HaDuongThanh-KLTN-job-survey\\HaDuongThanh-KLTN-job-survey\\vendor\\laravel\\framework\\src\\Illuminate\\Pipeline\\Pipeline.php(208): Illuminate\\Foundation\\Http\\Middleware\\InvokeDeferredCallbacks->handle(Object(Illuminate\\Http\\Request), Object(Closure))
#61 E:\\laragon\\www\\HaDuongThanh-KLTN-job-survey\\HaDuongThanh-KLTN-job-survey\\vendor\\laravel\\framework\\src\\Illuminate\\Http\\Middleware\\ValidatePathEncoding.php(26): Illuminate\\Pipeline\\Pipeline->Illuminate\\Pipeline\\{closure}(Object(Illuminate\\Http\\Request))
#62 E:\\laragon\\www\\HaDuongThanh-KLTN-job-survey\\HaDuongThanh-KLTN-job-survey\\vendor\\laravel\\framework\\src\\Illuminate\\Pipeline\\Pipeline.php(208): Illuminate\\Http\\Middleware\\ValidatePathEncoding->handle(Object(Illuminate\\Http\\Request), Object(Closure))
#63 E:\\laragon\\www\\HaDuongThanh-KLTN-job-survey\\HaDuongThanh-KLTN-job-survey\\vendor\\laravel\\framework\\src\\Illuminate\\Pipeline\\Pipeline.php(126): Illuminate\\Pipeline\\Pipeline->Illuminate\\Pipeline\\{closure}(Object(Illuminate\\Http\\Request))
#64 E:\\laragon\\www\\HaDuongThanh-KLTN-job-survey\\HaDuongThanh-KLTN-job-survey\\vendor\\laravel\\framework\\src\\Illuminate\\Foundation\\Http\\Kernel.php(175): Illuminate\\Pipeline\\Pipeline->then(Object(Closure))
#65 E:\\laragon\\www\\HaDuongThanh-KLTN-job-survey\\HaDuongThanh-KLTN-job-survey\\vendor\\laravel\\framework\\src\\Illuminate\\Foundation\\Http\\Kernel.php(144): Illuminate\\Foundation\\Http\\Kernel->sendRequestThroughRouter(Object(Illuminate\\Http\\Request))
#66 E:\\laragon\\www\\HaDuongThanh-KLTN-job-survey\\HaDuongThanh-KLTN-job-survey\\vendor\\laravel\\framework\\src\\Illuminate\\Foundation\\Application.php(1219): Illuminate\\Foundation\\Http\\Kernel->handle(Object(Illuminate\\Http\\Request))
#67 E:\\laragon\\www\\HaDuongThanh-KLTN-job-survey\\HaDuongThanh-KLTN-job-survey\\public\\index.php(20): Illuminate\\Foundation\\Application->handleRequest(Object(Illuminate\\Http\\Request))
#68 E:\\laragon\\www\\HaDuongThanh-KLTN-job-survey\\HaDuongThanh-KLTN-job-survey\\vendor\\laravel\\framework\\src\\Illuminate\\Foundation\\resources\\server.php(23): require_once('E:\\\\laragon\\\\www\\\\...')
#69 {main}
"} 
[2025-07-16 22:37:20] local.ERROR: Undefined variable $survey {"userId":1,"exception":"[object] (ErrorException(code: 0): Undefined variable $survey at E:\\laragon\\www\\HaDuongThanh-KLTN-job-survey\\HaDuongThanh-KLTN-job-survey\\app\\Http\\Controllers\\ContactSurveyController.php:162)
[stacktrace]
#0 E:\\laragon\\www\\HaDuongThanh-KLTN-job-survey\\HaDuongThanh-KLTN-job-survey\\vendor\\laravel\\framework\\src\\Illuminate\\Foundation\\Bootstrap\\HandleExceptions.php(256): Illuminate\\Foundation\\Bootstrap\\HandleExceptions->handleError(2, 'Undefined varia...', 'E:\\\\laragon\\\\www\\\\...', 162)
#1 E:\\laragon\\www\\HaDuongThanh-KLTN-job-survey\\HaDuongThanh-KLTN-job-survey\\app\\Http\\Controllers\\ContactSurveyController.php(162): Illuminate\\Foundation\\Bootstrap\\HandleExceptions->Illuminate\\Foundation\\Bootstrap\\{closure}(2, 'Undefined varia...', 'E:\\\\laragon\\\\www\\\\...', 162)
#2 E:\\laragon\\www\\HaDuongThanh-KLTN-job-survey\\HaDuongThanh-KLTN-job-survey\\vendor\\laravel\\framework\\src\\Illuminate\\Routing\\ControllerDispatcher.php(46): App\\Http\\Controllers\\ContactSurveyController->showForm('3')
#3 E:\\laragon\\www\\HaDuongThanh-KLTN-job-survey\\HaDuongThanh-KLTN-job-survey\\vendor\\laravel\\framework\\src\\Illuminate\\Routing\\Route.php(265): Illuminate\\Routing\\ControllerDispatcher->dispatch(Object(Illuminate\\Routing\\Route), Object(App\\Http\\Controllers\\ContactSurveyController), 'showForm')
#4 E:\\laragon\\www\\HaDuongThanh-KLTN-job-survey\\HaDuongThanh-KLTN-job-survey\\vendor\\laravel\\framework\\src\\Illuminate\\Routing\\Route.php(211): Illuminate\\Routing\\Route->runController()
#5 E:\\laragon\\www\\HaDuongThanh-KLTN-job-survey\\HaDuongThanh-KLTN-job-survey\\vendor\\laravel\\framework\\src\\Illuminate\\Routing\\Router.php(808): Illuminate\\Routing\\Route->run()
#6 E:\\laragon\\www\\HaDuongThanh-KLTN-job-survey\\HaDuongThanh-KLTN-job-survey\\vendor\\laravel\\framework\\src\\Illuminate\\Pipeline\\Pipeline.php(169): Illuminate\\Routing\\Router->Illuminate\\Routing\\{closure}(Object(Illuminate\\Http\\Request))
#7 E:\\laragon\\www\\HaDuongThanh-KLTN-job-survey\\HaDuongThanh-KLTN-job-survey\\app\\Http\\Middleware\\AuthenticateSSO.php(33): Illuminate\\Pipeline\\Pipeline->Illuminate\\Pipeline\\{closure}(Object(Illuminate\\Http\\Request))
#8 E:\\laragon\\www\\HaDuongThanh-KLTN-job-survey\\HaDuongThanh-KLTN-job-survey\\vendor\\laravel\\framework\\src\\Illuminate\\Pipeline\\Pipeline.php(208): App\\Http\\Middleware\\AuthenticateSSO->handle(Object(Illuminate\\Http\\Request), Object(Closure))
#9 E:\\laragon\\www\\HaDuongThanh-KLTN-job-survey\\HaDuongThanh-KLTN-job-survey\\vendor\\laravel\\framework\\src\\Illuminate\\Routing\\Middleware\\SubstituteBindings.php(50): Illuminate\\Pipeline\\Pipeline->Illuminate\\Pipeline\\{closure}(Object(Illuminate\\Http\\Request))
#10 E:\\laragon\\www\\HaDuongThanh-KLTN-job-survey\\HaDuongThanh-KLTN-job-survey\\vendor\\laravel\\framework\\src\\Illuminate\\Pipeline\\Pipeline.php(208): Illuminate\\Routing\\Middleware\\SubstituteBindings->handle(Object(Illuminate\\Http\\Request), Object(Closure))
#11 E:\\laragon\\www\\HaDuongThanh-KLTN-job-survey\\HaDuongThanh-KLTN-job-survey\\vendor\\laravel\\framework\\src\\Illuminate\\Foundation\\Http\\Middleware\\VerifyCsrfToken.php(87): Illuminate\\Pipeline\\Pipeline->Illuminate\\Pipeline\\{closure}(Object(Illuminate\\Http\\Request))
#12 E:\\laragon\\www\\HaDuongThanh-KLTN-job-survey\\HaDuongThanh-KLTN-job-survey\\vendor\\laravel\\framework\\src\\Illuminate\\Pipeline\\Pipeline.php(208): Illuminate\\Foundation\\Http\\Middleware\\VerifyCsrfToken->handle(Object(Illuminate\\Http\\Request), Object(Closure))
#13 E:\\laragon\\www\\HaDuongThanh-KLTN-job-survey\\HaDuongThanh-KLTN-job-survey\\vendor\\laravel\\framework\\src\\Illuminate\\View\\Middleware\\ShareErrorsFromSession.php(48): Illuminate\\Pipeline\\Pipeline->Illuminate\\Pipeline\\{closure}(Object(Illuminate\\Http\\Request))
#14 E:\\laragon\\www\\HaDuongThanh-KLTN-job-survey\\HaDuongThanh-KLTN-job-survey\\vendor\\laravel\\framework\\src\\Illuminate\\Pipeline\\Pipeline.php(208): Illuminate\\View\\Middleware\\ShareErrorsFromSession->handle(Object(Illuminate\\Http\\Request), Object(Closure))
#15 E:\\laragon\\www\\HaDuongThanh-KLTN-job-survey\\HaDuongThanh-KLTN-job-survey\\vendor\\laravel\\framework\\src\\Illuminate\\Session\\Middleware\\StartSession.php(120): Illuminate\\Pipeline\\Pipeline->Illuminate\\Pipeline\\{closure}(Object(Illuminate\\Http\\Request))
#16 E:\\laragon\\www\\HaDuongThanh-KLTN-job-survey\\HaDuongThanh-KLTN-job-survey\\vendor\\laravel\\framework\\src\\Illuminate\\Session\\Middleware\\StartSession.php(63): Illuminate\\Session\\Middleware\\StartSession->handleStatefulRequest(Object(Illuminate\\Http\\Request), Object(Illuminate\\Session\\Store), Object(Closure))
#17 E:\\laragon\\www\\HaDuongThanh-KLTN-job-survey\\HaDuongThanh-KLTN-job-survey\\vendor\\laravel\\framework\\src\\Illuminate\\Pipeline\\Pipeline.php(208): Illuminate\\Session\\Middleware\\StartSession->handle(Object(Illuminate\\Http\\Request), Object(Closure))
#18 E:\\laragon\\www\\HaDuongThanh-KLTN-job-survey\\HaDuongThanh-KLTN-job-survey\\vendor\\laravel\\framework\\src\\Illuminate\\Cookie\\Middleware\\AddQueuedCookiesToResponse.php(36): Illuminate\\Pipeline\\Pipeline->Illuminate\\Pipeline\\{closure}(Object(Illuminate\\Http\\Request))
#19 E:\\laragon\\www\\HaDuongThanh-KLTN-job-survey\\HaDuongThanh-KLTN-job-survey\\vendor\\laravel\\framework\\src\\Illuminate\\Pipeline\\Pipeline.php(208): Illuminate\\Cookie\\Middleware\\AddQueuedCookiesToResponse->handle(Object(Illuminate\\Http\\Request), Object(Closure))
#20 E:\\laragon\\www\\HaDuongThanh-KLTN-job-survey\\HaDuongThanh-KLTN-job-survey\\vendor\\laravel\\framework\\src\\Illuminate\\Cookie\\Middleware\\EncryptCookies.php(74): Illuminate\\Pipeline\\Pipeline->Illuminate\\Pipeline\\{closure}(Object(Illuminate\\Http\\Request))
#21 E:\\laragon\\www\\HaDuongThanh-KLTN-job-survey\\HaDuongThanh-KLTN-job-survey\\vendor\\laravel\\framework\\src\\Illuminate\\Pipeline\\Pipeline.php(208): Illuminate\\Cookie\\Middleware\\EncryptCookies->handle(Object(Illuminate\\Http\\Request), Object(Closure))
#22 E:\\laragon\\www\\HaDuongThanh-KLTN-job-survey\\HaDuongThanh-KLTN-job-survey\\vendor\\laravel\\framework\\src\\Illuminate\\Pipeline\\Pipeline.php(126): Illuminate\\Pipeline\\Pipeline->Illuminate\\Pipeline\\{closure}(Object(Illuminate\\Http\\Request))
#23 E:\\laragon\\www\\HaDuongThanh-KLTN-job-survey\\HaDuongThanh-KLTN-job-survey\\vendor\\laravel\\framework\\src\\Illuminate\\Routing\\Router.php(807): Illuminate\\Pipeline\\Pipeline->then(Object(Closure))
#24 E:\\laragon\\www\\HaDuongThanh-KLTN-job-survey\\HaDuongThanh-KLTN-job-survey\\vendor\\laravel\\framework\\src\\Illuminate\\Routing\\Router.php(786): Illuminate\\Routing\\Router->runRouteWithinStack(Object(Illuminate\\Routing\\Route), Object(Illuminate\\Http\\Request))
#25 E:\\laragon\\www\\HaDuongThanh-KLTN-job-survey\\HaDuongThanh-KLTN-job-survey\\vendor\\laravel\\framework\\src\\Illuminate\\Routing\\Router.php(750): Illuminate\\Routing\\Router->runRoute(Object(Illuminate\\Http\\Request), Object(Illuminate\\Routing\\Route))
#26 E:\\laragon\\www\\HaDuongThanh-KLTN-job-survey\\HaDuongThanh-KLTN-job-survey\\vendor\\laravel\\framework\\src\\Illuminate\\Routing\\Router.php(739): Illuminate\\Routing\\Router->dispatchToRoute(Object(Illuminate\\Http\\Request))
#27 E:\\laragon\\www\\HaDuongThanh-KLTN-job-survey\\HaDuongThanh-KLTN-job-survey\\vendor\\laravel\\framework\\src\\Illuminate\\Foundation\\Http\\Kernel.php(200): Illuminate\\Routing\\Router->dispatch(Object(Illuminate\\Http\\Request))
#28 E:\\laragon\\www\\HaDuongThanh-KLTN-job-survey\\HaDuongThanh-KLTN-job-survey\\vendor\\laravel\\framework\\src\\Illuminate\\Pipeline\\Pipeline.php(169): Illuminate\\Foundation\\Http\\Kernel->Illuminate\\Foundation\\Http\\{closure}(Object(Illuminate\\Http\\Request))
#29 E:\\laragon\\www\\HaDuongThanh-KLTN-job-survey\\HaDuongThanh-KLTN-job-survey\\vendor\\laravel\\framework\\src\\Illuminate\\Foundation\\Http\\Middleware\\TransformsRequest.php(21): Illuminate\\Pipeline\\Pipeline->Illuminate\\Pipeline\\{closure}(Object(Illuminate\\Http\\Request))
#30 E:\\laragon\\www\\HaDuongThanh-KLTN-job-survey\\HaDuongThanh-KLTN-job-survey\\vendor\\laravel\\framework\\src\\Illuminate\\Foundation\\Http\\Middleware\\ConvertEmptyStringsToNull.php(31): Illuminate\\Foundation\\Http\\Middleware\\TransformsRequest->handle(Object(Illuminate\\Http\\Request), Object(Closure))
#31 E:\\laragon\\www\\HaDuongThanh-KLTN-job-survey\\HaDuongThanh-KLTN-job-survey\\vendor\\laravel\\framework\\src\\Illuminate\\Pipeline\\Pipeline.php(208): Illuminate\\Foundation\\Http\\Middleware\\ConvertEmptyStringsToNull->handle(Object(Illuminate\\Http\\Request), Object(Closure))
#32 E:\\laragon\\www\\HaDuongThanh-KLTN-job-survey\\HaDuongThanh-KLTN-job-survey\\vendor\\laravel\\framework\\src\\Illuminate\\Foundation\\Http\\Middleware\\TransformsRequest.php(21): Illuminate\\Pipeline\\Pipeline->Illuminate\\Pipeline\\{closure}(Object(Illuminate\\Http\\Request))
#33 E:\\laragon\\www\\HaDuongThanh-KLTN-job-survey\\HaDuongThanh-KLTN-job-survey\\vendor\\laravel\\framework\\src\\Illuminate\\Foundation\\Http\\Middleware\\TrimStrings.php(51): Illuminate\\Foundation\\Http\\Middleware\\TransformsRequest->handle(Object(Illuminate\\Http\\Request), Object(Closure))
#34 E:\\laragon\\www\\HaDuongThanh-KLTN-job-survey\\HaDuongThanh-KLTN-job-survey\\vendor\\laravel\\framework\\src\\Illuminate\\Pipeline\\Pipeline.php(208): Illuminate\\Foundation\\Http\\Middleware\\TrimStrings->handle(Object(Illuminate\\Http\\Request), Object(Closure))
#35 E:\\laragon\\www\\HaDuongThanh-KLTN-job-survey\\HaDuongThanh-KLTN-job-survey\\vendor\\laravel\\framework\\src\\Illuminate\\Http\\Middleware\\ValidatePostSize.php(27): Illuminate\\Pipeline\\Pipeline->Illuminate\\Pipeline\\{closure}(Object(Illuminate\\Http\\Request))
#36 E:\\laragon\\www\\HaDuongThanh-KLTN-job-survey\\HaDuongThanh-KLTN-job-survey\\vendor\\laravel\\framework\\src\\Illuminate\\Pipeline\\Pipeline.php(208): Illuminate\\Http\\Middleware\\ValidatePostSize->handle(Object(Illuminate\\Http\\Request), Object(Closure))
#37 E:\\laragon\\www\\HaDuongThanh-KLTN-job-survey\\HaDuongThanh-KLTN-job-survey\\vendor\\laravel\\framework\\src\\Illuminate\\Foundation\\Http\\Middleware\\PreventRequestsDuringMaintenance.php(109): Illuminate\\Pipeline\\Pipeline->Illuminate\\Pipeline\\{closure}(Object(Illuminate\\Http\\Request))
#38 E:\\laragon\\www\\HaDuongThanh-KLTN-job-survey\\HaDuongThanh-KLTN-job-survey\\vendor\\laravel\\framework\\src\\Illuminate\\Pipeline\\Pipeline.php(208): Illuminate\\Foundation\\Http\\Middleware\\PreventRequestsDuringMaintenance->handle(Object(Illuminate\\Http\\Request), Object(Closure))
#39 E:\\laragon\\www\\HaDuongThanh-KLTN-job-survey\\HaDuongThanh-KLTN-job-survey\\vendor\\laravel\\framework\\src\\Illuminate\\Http\\Middleware\\HandleCors.php(48): Illuminate\\Pipeline\\Pipeline->Illuminate\\Pipeline\\{closure}(Object(Illuminate\\Http\\Request))
#40 E:\\laragon\\www\\HaDuongThanh-KLTN-job-survey\\HaDuongThanh-KLTN-job-survey\\vendor\\laravel\\framework\\src\\Illuminate\\Pipeline\\Pipeline.php(208): Illuminate\\Http\\Middleware\\HandleCors->handle(Object(Illuminate\\Http\\Request), Object(Closure))
#41 E:\\laragon\\www\\HaDuongThanh-KLTN-job-survey\\HaDuongThanh-KLTN-job-survey\\vendor\\laravel\\framework\\src\\Illuminate\\Http\\Middleware\\TrustProxies.php(58): Illuminate\\Pipeline\\Pipeline->Illuminate\\Pipeline\\{closure}(Object(Illuminate\\Http\\Request))
#42 E:\\laragon\\www\\HaDuongThanh-KLTN-job-survey\\HaDuongThanh-KLTN-job-survey\\vendor\\laravel\\framework\\src\\Illuminate\\Pipeline\\Pipeline.php(208): Illuminate\\Http\\Middleware\\TrustProxies->handle(Object(Illuminate\\Http\\Request), Object(Closure))
#43 E:\\laragon\\www\\HaDuongThanh-KLTN-job-survey\\HaDuongThanh-KLTN-job-survey\\vendor\\laravel\\framework\\src\\Illuminate\\Foundation\\Http\\Middleware\\InvokeDeferredCallbacks.php(22): Illuminate\\Pipeline\\Pipeline->Illuminate\\Pipeline\\{closure}(Object(Illuminate\\Http\\Request))
#44 E:\\laragon\\www\\HaDuongThanh-KLTN-job-survey\\HaDuongThanh-KLTN-job-survey\\vendor\\laravel\\framework\\src\\Illuminate\\Pipeline\\Pipeline.php(208): Illuminate\\Foundation\\Http\\Middleware\\InvokeDeferredCallbacks->handle(Object(Illuminate\\Http\\Request), Object(Closure))
#45 E:\\laragon\\www\\HaDuongThanh-KLTN-job-survey\\HaDuongThanh-KLTN-job-survey\\vendor\\laravel\\framework\\src\\Illuminate\\Http\\Middleware\\ValidatePathEncoding.php(26): Illuminate\\Pipeline\\Pipeline->Illuminate\\Pipeline\\{closure}(Object(Illuminate\\Http\\Request))
#46 E:\\laragon\\www\\HaDuongThanh-KLTN-job-survey\\HaDuongThanh-KLTN-job-survey\\vendor\\laravel\\framework\\src\\Illuminate\\Pipeline\\Pipeline.php(208): Illuminate\\Http\\Middleware\\ValidatePathEncoding->handle(Object(Illuminate\\Http\\Request), Object(Closure))
#47 E:\\laragon\\www\\HaDuongThanh-KLTN-job-survey\\HaDuongThanh-KLTN-job-survey\\vendor\\laravel\\framework\\src\\Illuminate\\Pipeline\\Pipeline.php(126): Illuminate\\Pipeline\\Pipeline->Illuminate\\Pipeline\\{closure}(Object(Illuminate\\Http\\Request))
#48 E:\\laragon\\www\\HaDuongThanh-KLTN-job-survey\\HaDuongThanh-KLTN-job-survey\\vendor\\laravel\\framework\\src\\Illuminate\\Foundation\\Http\\Kernel.php(175): Illuminate\\Pipeline\\Pipeline->then(Object(Closure))
#49 E:\\laragon\\www\\HaDuongThanh-KLTN-job-survey\\HaDuongThanh-KLTN-job-survey\\vendor\\laravel\\framework\\src\\Illuminate\\Foundation\\Http\\Kernel.php(144): Illuminate\\Foundation\\Http\\Kernel->sendRequestThroughRouter(Object(Illuminate\\Http\\Request))
#50 E:\\laragon\\www\\HaDuongThanh-KLTN-job-survey\\HaDuongThanh-KLTN-job-survey\\vendor\\laravel\\framework\\src\\Illuminate\\Foundation\\Application.php(1219): Illuminate\\Foundation\\Http\\Kernel->handle(Object(Illuminate\\Http\\Request))
#51 E:\\laragon\\www\\HaDuongThanh-KLTN-job-survey\\HaDuongThanh-KLTN-job-survey\\public\\index.php(20): Illuminate\\Foundation\\Application->handleRequest(Object(Illuminate\\Http\\Request))
#52 E:\\laragon\\www\\HaDuongThanh-KLTN-job-survey\\HaDuongThanh-KLTN-job-survey\\vendor\\laravel\\framework\\src\\Illuminate\\Foundation\\resources\\server.php(23): require_once('E:\\\\laragon\\\\www\\\\...')
#53 {main}
"} 
[2025-07-16 22:52:38] local.ERROR: SQLSTATE[42S22]: Column not found: 1054 Unknown column 'graduation_id' in 'where clause' (Connection: mysql, SQL: select * from `student` where `graduation_id` in (81) and `student`.`deleted_at` is null) {"userId":1,"exception":"[object] (Illuminate\\Database\\QueryException(code: 42S22): SQLSTATE[42S22]: Column not found: 1054 Unknown column 'graduation_id' in 'where clause' (Connection: mysql, SQL: select * from `student` where `graduation_id` in (81) and `student`.`deleted_at` is null) at E:\\laragon\\www\\HaDuongThanh-KLTN-job-survey\\HaDuongThanh-KLTN-job-survey\\vendor\\laravel\\framework\\src\\Illuminate\\Database\\Connection.php:822)
[stacktrace]
#0 E:\\laragon\\www\\HaDuongThanh-KLTN-job-survey\\HaDuongThanh-KLTN-job-survey\\vendor\\laravel\\framework\\src\\Illuminate\\Database\\Connection.php(776): Illuminate\\Database\\Connection->runQueryCallback('select * from `...', Array, Object(Closure))
#1 E:\\laragon\\www\\HaDuongThanh-KLTN-job-survey\\HaDuongThanh-KLTN-job-survey\\vendor\\laravel\\framework\\src\\Illuminate\\Database\\Connection.php(395): Illuminate\\Database\\Connection->run('select * from `...', Array, Object(Closure))
#2 E:\\laragon\\www\\HaDuongThanh-KLTN-job-survey\\HaDuongThanh-KLTN-job-survey\\vendor\\laravel\\framework\\src\\Illuminate\\Database\\Query\\Builder.php(3107): Illuminate\\Database\\Connection->select('select * from `...', Array, true)
#3 E:\\laragon\\www\\HaDuongThanh-KLTN-job-survey\\HaDuongThanh-KLTN-job-survey\\vendor\\laravel\\framework\\src\\Illuminate\\Database\\Query\\Builder.php(3092): Illuminate\\Database\\Query\\Builder->runSelect()
#4 E:\\laragon\\www\\HaDuongThanh-KLTN-job-survey\\HaDuongThanh-KLTN-job-survey\\vendor\\laravel\\framework\\src\\Illuminate\\Database\\Query\\Builder.php(3679): Illuminate\\Database\\Query\\Builder->Illuminate\\Database\\Query\\{closure}()
#5 E:\\laragon\\www\\HaDuongThanh-KLTN-job-survey\\HaDuongThanh-KLTN-job-survey\\vendor\\laravel\\framework\\src\\Illuminate\\Database\\Query\\Builder.php(3091): Illuminate\\Database\\Query\\Builder->onceWithColumns(Array, Object(Closure))
#6 E:\\laragon\\www\\HaDuongThanh-KLTN-job-survey\\HaDuongThanh-KLTN-job-survey\\vendor\\laravel\\framework\\src\\Illuminate\\Database\\Eloquent\\Builder.php(875): Illuminate\\Database\\Query\\Builder->get(Array)
#7 E:\\laragon\\www\\HaDuongThanh-KLTN-job-survey\\HaDuongThanh-KLTN-job-survey\\vendor\\laravel\\framework\\src\\Illuminate\\Database\\Eloquent\\Builder.php(853): Illuminate\\Database\\Eloquent\\Builder->getModels(Array)
#8 E:\\laragon\\www\\HaDuongThanh-KLTN-job-survey\\HaDuongThanh-KLTN-job-survey\\app\\Http\\Controllers\\ContactSurveyController.php(199): Illuminate\\Database\\Eloquent\\Builder->get()
#9 E:\\laragon\\www\\HaDuongThanh-KLTN-job-survey\\HaDuongThanh-KLTN-job-survey\\vendor\\laravel\\framework\\src\\Illuminate\\Routing\\ControllerDispatcher.php(46): App\\Http\\Controllers\\ContactSurveyController->handleVerify(Object(Illuminate\\Http\\Request), '3')
#10 E:\\laragon\\www\\HaDuongThanh-KLTN-job-survey\\HaDuongThanh-KLTN-job-survey\\vendor\\laravel\\framework\\src\\Illuminate\\Routing\\Route.php(265): Illuminate\\Routing\\ControllerDispatcher->dispatch(Object(Illuminate\\Routing\\Route), Object(App\\Http\\Controllers\\ContactSurveyController), 'handleVerify')
#11 E:\\laragon\\www\\HaDuongThanh-KLTN-job-survey\\HaDuongThanh-KLTN-job-survey\\vendor\\laravel\\framework\\src\\Illuminate\\Routing\\Route.php(211): Illuminate\\Routing\\Route->runController()
#12 E:\\laragon\\www\\HaDuongThanh-KLTN-job-survey\\HaDuongThanh-KLTN-job-survey\\vendor\\laravel\\framework\\src\\Illuminate\\Routing\\Router.php(808): Illuminate\\Routing\\Route->run()
#13 E:\\laragon\\www\\HaDuongThanh-KLTN-job-survey\\HaDuongThanh-KLTN-job-survey\\vendor\\laravel\\framework\\src\\Illuminate\\Pipeline\\Pipeline.php(169): Illuminate\\Routing\\Router->Illuminate\\Routing\\{closure}(Object(Illuminate\\Http\\Request))
#14 E:\\laragon\\www\\HaDuongThanh-KLTN-job-survey\\HaDuongThanh-KLTN-job-survey\\app\\Http\\Middleware\\AuthenticateSSO.php(33): Illuminate\\Pipeline\\Pipeline->Illuminate\\Pipeline\\{closure}(Object(Illuminate\\Http\\Request))
#15 E:\\laragon\\www\\HaDuongThanh-KLTN-job-survey\\HaDuongThanh-KLTN-job-survey\\vendor\\laravel\\framework\\src\\Illuminate\\Pipeline\\Pipeline.php(208): App\\Http\\Middleware\\AuthenticateSSO->handle(Object(Illuminate\\Http\\Request), Object(Closure))
#16 E:\\laragon\\www\\HaDuongThanh-KLTN-job-survey\\HaDuongThanh-KLTN-job-survey\\vendor\\laravel\\framework\\src\\Illuminate\\Routing\\Middleware\\SubstituteBindings.php(50): Illuminate\\Pipeline\\Pipeline->Illuminate\\Pipeline\\{closure}(Object(Illuminate\\Http\\Request))
#17 E:\\laragon\\www\\HaDuongThanh-KLTN-job-survey\\HaDuongThanh-KLTN-job-survey\\vendor\\laravel\\framework\\src\\Illuminate\\Pipeline\\Pipeline.php(208): Illuminate\\Routing\\Middleware\\SubstituteBindings->handle(Object(Illuminate\\Http\\Request), Object(Closure))
#18 E:\\laragon\\www\\HaDuongThanh-KLTN-job-survey\\HaDuongThanh-KLTN-job-survey\\vendor\\laravel\\framework\\src\\Illuminate\\Foundation\\Http\\Middleware\\VerifyCsrfToken.php(87): Illuminate\\Pipeline\\Pipeline->Illuminate\\Pipeline\\{closure}(Object(Illuminate\\Http\\Request))
#19 E:\\laragon\\www\\HaDuongThanh-KLTN-job-survey\\HaDuongThanh-KLTN-job-survey\\vendor\\laravel\\framework\\src\\Illuminate\\Pipeline\\Pipeline.php(208): Illuminate\\Foundation\\Http\\Middleware\\VerifyCsrfToken->handle(Object(Illuminate\\Http\\Request), Object(Closure))
#20 E:\\laragon\\www\\HaDuongThanh-KLTN-job-survey\\HaDuongThanh-KLTN-job-survey\\vendor\\laravel\\framework\\src\\Illuminate\\View\\Middleware\\ShareErrorsFromSession.php(48): Illuminate\\Pipeline\\Pipeline->Illuminate\\Pipeline\\{closure}(Object(Illuminate\\Http\\Request))
#21 E:\\laragon\\www\\HaDuongThanh-KLTN-job-survey\\HaDuongThanh-KLTN-job-survey\\vendor\\laravel\\framework\\src\\Illuminate\\Pipeline\\Pipeline.php(208): Illuminate\\View\\Middleware\\ShareErrorsFromSession->handle(Object(Illuminate\\Http\\Request), Object(Closure))
#22 E:\\laragon\\www\\HaDuongThanh-KLTN-job-survey\\HaDuongThanh-KLTN-job-survey\\vendor\\laravel\\framework\\src\\Illuminate\\Session\\Middleware\\StartSession.php(120): Illuminate\\Pipeline\\Pipeline->Illuminate\\Pipeline\\{closure}(Object(Illuminate\\Http\\Request))
#23 E:\\laragon\\www\\HaDuongThanh-KLTN-job-survey\\HaDuongThanh-KLTN-job-survey\\vendor\\laravel\\framework\\src\\Illuminate\\Session\\Middleware\\StartSession.php(63): Illuminate\\Session\\Middleware\\StartSession->handleStatefulRequest(Object(Illuminate\\Http\\Request), Object(Illuminate\\Session\\Store), Object(Closure))
#24 E:\\laragon\\www\\HaDuongThanh-KLTN-job-survey\\HaDuongThanh-KLTN-job-survey\\vendor\\laravel\\framework\\src\\Illuminate\\Pipeline\\Pipeline.php(208): Illuminate\\Session\\Middleware\\StartSession->handle(Object(Illuminate\\Http\\Request), Object(Closure))
#25 E:\\laragon\\www\\HaDuongThanh-KLTN-job-survey\\HaDuongThanh-KLTN-job-survey\\vendor\\laravel\\framework\\src\\Illuminate\\Cookie\\Middleware\\AddQueuedCookiesToResponse.php(36): Illuminate\\Pipeline\\Pipeline->Illuminate\\Pipeline\\{closure}(Object(Illuminate\\Http\\Request))
#26 E:\\laragon\\www\\HaDuongThanh-KLTN-job-survey\\HaDuongThanh-KLTN-job-survey\\vendor\\laravel\\framework\\src\\Illuminate\\Pipeline\\Pipeline.php(208): Illuminate\\Cookie\\Middleware\\AddQueuedCookiesToResponse->handle(Object(Illuminate\\Http\\Request), Object(Closure))
#27 E:\\laragon\\www\\HaDuongThanh-KLTN-job-survey\\HaDuongThanh-KLTN-job-survey\\vendor\\laravel\\framework\\src\\Illuminate\\Cookie\\Middleware\\EncryptCookies.php(74): Illuminate\\Pipeline\\Pipeline->Illuminate\\Pipeline\\{closure}(Object(Illuminate\\Http\\Request))
#28 E:\\laragon\\www\\HaDuongThanh-KLTN-job-survey\\HaDuongThanh-KLTN-job-survey\\vendor\\laravel\\framework\\src\\Illuminate\\Pipeline\\Pipeline.php(208): Illuminate\\Cookie\\Middleware\\EncryptCookies->handle(Object(Illuminate\\Http\\Request), Object(Closure))
#29 E:\\laragon\\www\\HaDuongThanh-KLTN-job-survey\\HaDuongThanh-KLTN-job-survey\\vendor\\laravel\\framework\\src\\Illuminate\\Pipeline\\Pipeline.php(126): Illuminate\\Pipeline\\Pipeline->Illuminate\\Pipeline\\{closure}(Object(Illuminate\\Http\\Request))
#30 E:\\laragon\\www\\HaDuongThanh-KLTN-job-survey\\HaDuongThanh-KLTN-job-survey\\vendor\\laravel\\framework\\src\\Illuminate\\Routing\\Router.php(807): Illuminate\\Pipeline\\Pipeline->then(Object(Closure))
#31 E:\\laragon\\www\\HaDuongThanh-KLTN-job-survey\\HaDuongThanh-KLTN-job-survey\\vendor\\laravel\\framework\\src\\Illuminate\\Routing\\Router.php(786): Illuminate\\Routing\\Router->runRouteWithinStack(Object(Illuminate\\Routing\\Route), Object(Illuminate\\Http\\Request))
#32 E:\\laragon\\www\\HaDuongThanh-KLTN-job-survey\\HaDuongThanh-KLTN-job-survey\\vendor\\laravel\\framework\\src\\Illuminate\\Routing\\Router.php(750): Illuminate\\Routing\\Router->runRoute(Object(Illuminate\\Http\\Request), Object(Illuminate\\Routing\\Route))
#33 E:\\laragon\\www\\HaDuongThanh-KLTN-job-survey\\HaDuongThanh-KLTN-job-survey\\vendor\\laravel\\framework\\src\\Illuminate\\Routing\\Router.php(739): Illuminate\\Routing\\Router->dispatchToRoute(Object(Illuminate\\Http\\Request))
#34 E:\\laragon\\www\\HaDuongThanh-KLTN-job-survey\\HaDuongThanh-KLTN-job-survey\\vendor\\laravel\\framework\\src\\Illuminate\\Foundation\\Http\\Kernel.php(200): Illuminate\\Routing\\Router->dispatch(Object(Illuminate\\Http\\Request))
#35 E:\\laragon\\www\\HaDuongThanh-KLTN-job-survey\\HaDuongThanh-KLTN-job-survey\\vendor\\laravel\\framework\\src\\Illuminate\\Pipeline\\Pipeline.php(169): Illuminate\\Foundation\\Http\\Kernel->Illuminate\\Foundation\\Http\\{closure}(Object(Illuminate\\Http\\Request))
#36 E:\\laragon\\www\\HaDuongThanh-KLTN-job-survey\\HaDuongThanh-KLTN-job-survey\\vendor\\laravel\\framework\\src\\Illuminate\\Foundation\\Http\\Middleware\\TransformsRequest.php(21): Illuminate\\Pipeline\\Pipeline->Illuminate\\Pipeline\\{closure}(Object(Illuminate\\Http\\Request))
#37 E:\\laragon\\www\\HaDuongThanh-KLTN-job-survey\\HaDuongThanh-KLTN-job-survey\\vendor\\laravel\\framework\\src\\Illuminate\\Foundation\\Http\\Middleware\\ConvertEmptyStringsToNull.php(31): Illuminate\\Foundation\\Http\\Middleware\\TransformsRequest->handle(Object(Illuminate\\Http\\Request), Object(Closure))
#38 E:\\laragon\\www\\HaDuongThanh-KLTN-job-survey\\HaDuongThanh-KLTN-job-survey\\vendor\\laravel\\framework\\src\\Illuminate\\Pipeline\\Pipeline.php(208): Illuminate\\Foundation\\Http\\Middleware\\ConvertEmptyStringsToNull->handle(Object(Illuminate\\Http\\Request), Object(Closure))
#39 E:\\laragon\\www\\HaDuongThanh-KLTN-job-survey\\HaDuongThanh-KLTN-job-survey\\vendor\\laravel\\framework\\src\\Illuminate\\Foundation\\Http\\Middleware\\TransformsRequest.php(21): Illuminate\\Pipeline\\Pipeline->Illuminate\\Pipeline\\{closure}(Object(Illuminate\\Http\\Request))
#40 E:\\laragon\\www\\HaDuongThanh-KLTN-job-survey\\HaDuongThanh-KLTN-job-survey\\vendor\\laravel\\framework\\src\\Illuminate\\Foundation\\Http\\Middleware\\TrimStrings.php(51): Illuminate\\Foundation\\Http\\Middleware\\TransformsRequest->handle(Object(Illuminate\\Http\\Request), Object(Closure))
#41 E:\\laragon\\www\\HaDuongThanh-KLTN-job-survey\\HaDuongThanh-KLTN-job-survey\\vendor\\laravel\\framework\\src\\Illuminate\\Pipeline\\Pipeline.php(208): Illuminate\\Foundation\\Http\\Middleware\\TrimStrings->handle(Object(Illuminate\\Http\\Request), Object(Closure))
#42 E:\\laragon\\www\\HaDuongThanh-KLTN-job-survey\\HaDuongThanh-KLTN-job-survey\\vendor\\laravel\\framework\\src\\Illuminate\\Http\\Middleware\\ValidatePostSize.php(27): Illuminate\\Pipeline\\Pipeline->Illuminate\\Pipeline\\{closure}(Object(Illuminate\\Http\\Request))
#43 E:\\laragon\\www\\HaDuongThanh-KLTN-job-survey\\HaDuongThanh-KLTN-job-survey\\vendor\\laravel\\framework\\src\\Illuminate\\Pipeline\\Pipeline.php(208): Illuminate\\Http\\Middleware\\ValidatePostSize->handle(Object(Illuminate\\Http\\Request), Object(Closure))
#44 E:\\laragon\\www\\HaDuongThanh-KLTN-job-survey\\HaDuongThanh-KLTN-job-survey\\vendor\\laravel\\framework\\src\\Illuminate\\Foundation\\Http\\Middleware\\PreventRequestsDuringMaintenance.php(109): Illuminate\\Pipeline\\Pipeline->Illuminate\\Pipeline\\{closure}(Object(Illuminate\\Http\\Request))
#45 E:\\laragon\\www\\HaDuongThanh-KLTN-job-survey\\HaDuongThanh-KLTN-job-survey\\vendor\\laravel\\framework\\src\\Illuminate\\Pipeline\\Pipeline.php(208): Illuminate\\Foundation\\Http\\Middleware\\PreventRequestsDuringMaintenance->handle(Object(Illuminate\\Http\\Request), Object(Closure))
#46 E:\\laragon\\www\\HaDuongThanh-KLTN-job-survey\\HaDuongThanh-KLTN-job-survey\\vendor\\laravel\\framework\\src\\Illuminate\\Http\\Middleware\\HandleCors.php(48): Illuminate\\Pipeline\\Pipeline->Illuminate\\Pipeline\\{closure}(Object(Illuminate\\Http\\Request))
#47 E:\\laragon\\www\\HaDuongThanh-KLTN-job-survey\\HaDuongThanh-KLTN-job-survey\\vendor\\laravel\\framework\\src\\Illuminate\\Pipeline\\Pipeline.php(208): Illuminate\\Http\\Middleware\\HandleCors->handle(Object(Illuminate\\Http\\Request), Object(Closure))
#48 E:\\laragon\\www\\HaDuongThanh-KLTN-job-survey\\HaDuongThanh-KLTN-job-survey\\vendor\\laravel\\framework\\src\\Illuminate\\Http\\Middleware\\TrustProxies.php(58): Illuminate\\Pipeline\\Pipeline->Illuminate\\Pipeline\\{closure}(Object(Illuminate\\Http\\Request))
#49 E:\\laragon\\www\\HaDuongThanh-KLTN-job-survey\\HaDuongThanh-KLTN-job-survey\\vendor\\laravel\\framework\\src\\Illuminate\\Pipeline\\Pipeline.php(208): Illuminate\\Http\\Middleware\\TrustProxies->handle(Object(Illuminate\\Http\\Request), Object(Closure))
#50 E:\\laragon\\www\\HaDuongThanh-KLTN-job-survey\\HaDuongThanh-KLTN-job-survey\\vendor\\laravel\\framework\\src\\Illuminate\\Foundation\\Http\\Middleware\\InvokeDeferredCallbacks.php(22): Illuminate\\Pipeline\\Pipeline->Illuminate\\Pipeline\\{closure}(Object(Illuminate\\Http\\Request))
#51 E:\\laragon\\www\\HaDuongThanh-KLTN-job-survey\\HaDuongThanh-KLTN-job-survey\\vendor\\laravel\\framework\\src\\Illuminate\\Pipeline\\Pipeline.php(208): Illuminate\\Foundation\\Http\\Middleware\\InvokeDeferredCallbacks->handle(Object(Illuminate\\Http\\Request), Object(Closure))
#52 E:\\laragon\\www\\HaDuongThanh-KLTN-job-survey\\HaDuongThanh-KLTN-job-survey\\vendor\\laravel\\framework\\src\\Illuminate\\Http\\Middleware\\ValidatePathEncoding.php(26): Illuminate\\Pipeline\\Pipeline->Illuminate\\Pipeline\\{closure}(Object(Illuminate\\Http\\Request))
#53 E:\\laragon\\www\\HaDuongThanh-KLTN-job-survey\\HaDuongThanh-KLTN-job-survey\\vendor\\laravel\\framework\\src\\Illuminate\\Pipeline\\Pipeline.php(208): Illuminate\\Http\\Middleware\\ValidatePathEncoding->handle(Object(Illuminate\\Http\\Request), Object(Closure))
#54 E:\\laragon\\www\\HaDuongThanh-KLTN-job-survey\\HaDuongThanh-KLTN-job-survey\\vendor\\laravel\\framework\\src\\Illuminate\\Pipeline\\Pipeline.php(126): Illuminate\\Pipeline\\Pipeline->Illuminate\\Pipeline\\{closure}(Object(Illuminate\\Http\\Request))
#55 E:\\laragon\\www\\HaDuongThanh-KLTN-job-survey\\HaDuongThanh-KLTN-job-survey\\vendor\\laravel\\framework\\src\\Illuminate\\Foundation\\Http\\Kernel.php(175): Illuminate\\Pipeline\\Pipeline->then(Object(Closure))
#56 E:\\laragon\\www\\HaDuongThanh-KLTN-job-survey\\HaDuongThanh-KLTN-job-survey\\vendor\\laravel\\framework\\src\\Illuminate\\Foundation\\Http\\Kernel.php(144): Illuminate\\Foundation\\Http\\Kernel->sendRequestThroughRouter(Object(Illuminate\\Http\\Request))
#57 E:\\laragon\\www\\HaDuongThanh-KLTN-job-survey\\HaDuongThanh-KLTN-job-survey\\vendor\\laravel\\framework\\src\\Illuminate\\Foundation\\Application.php(1219): Illuminate\\Foundation\\Http\\Kernel->handle(Object(Illuminate\\Http\\Request))
#58 E:\\laragon\\www\\HaDuongThanh-KLTN-job-survey\\HaDuongThanh-KLTN-job-survey\\public\\index.php(20): Illuminate\\Foundation\\Application->handleRequest(Object(Illuminate\\Http\\Request))
#59 E:\\laragon\\www\\HaDuongThanh-KLTN-job-survey\\HaDuongThanh-KLTN-job-survey\\vendor\\laravel\\framework\\src\\Illuminate\\Foundation\\resources\\server.php(23): require_once('E:\\\\laragon\\\\www\\\\...')
#60 {main}

[previous exception] [object] (PDOException(code: 42S22): SQLSTATE[42S22]: Column not found: 1054 Unknown column 'graduation_id' in 'where clause' at E:\\laragon\\www\\HaDuongThanh-KLTN-job-survey\\HaDuongThanh-KLTN-job-survey\\vendor\\laravel\\framework\\src\\Illuminate\\Database\\Connection.php:404)
[stacktrace]
#0 E:\\laragon\\www\\HaDuongThanh-KLTN-job-survey\\HaDuongThanh-KLTN-job-survey\\vendor\\laravel\\framework\\src\\Illuminate\\Database\\Connection.php(404): PDO->prepare('select * from `...')
#1 E:\\laragon\\www\\HaDuongThanh-KLTN-job-survey\\HaDuongThanh-KLTN-job-survey\\vendor\\laravel\\framework\\src\\Illuminate\\Database\\Connection.php(809): Illuminate\\Database\\Connection->Illuminate\\Database\\{closure}('select * from `...', Array)
#2 E:\\laragon\\www\\HaDuongThanh-KLTN-job-survey\\HaDuongThanh-KLTN-job-survey\\vendor\\laravel\\framework\\src\\Illuminate\\Database\\Connection.php(776): Illuminate\\Database\\Connection->runQueryCallback('select * from `...', Array, Object(Closure))
#3 E:\\laragon\\www\\HaDuongThanh-KLTN-job-survey\\HaDuongThanh-KLTN-job-survey\\vendor\\laravel\\framework\\src\\Illuminate\\Database\\Connection.php(395): Illuminate\\Database\\Connection->run('select * from `...', Array, Object(Closure))
#4 E:\\laragon\\www\\HaDuongThanh-KLTN-job-survey\\HaDuongThanh-KLTN-job-survey\\vendor\\laravel\\framework\\src\\Illuminate\\Database\\Query\\Builder.php(3107): Illuminate\\Database\\Connection->select('select * from `...', Array, true)
#5 E:\\laragon\\www\\HaDuongThanh-KLTN-job-survey\\HaDuongThanh-KLTN-job-survey\\vendor\\laravel\\framework\\src\\Illuminate\\Database\\Query\\Builder.php(3092): Illuminate\\Database\\Query\\Builder->runSelect()
#6 E:\\laragon\\www\\HaDuongThanh-KLTN-job-survey\\HaDuongThanh-KLTN-job-survey\\vendor\\laravel\\framework\\src\\Illuminate\\Database\\Query\\Builder.php(3679): Illuminate\\Database\\Query\\Builder->Illuminate\\Database\\Query\\{closure}()
#7 E:\\laragon\\www\\HaDuongThanh-KLTN-job-survey\\HaDuongThanh-KLTN-job-survey\\vendor\\laravel\\framework\\src\\Illuminate\\Database\\Query\\Builder.php(3091): Illuminate\\Database\\Query\\Builder->onceWithColumns(Array, Object(Closure))
#8 E:\\laragon\\www\\HaDuongThanh-KLTN-job-survey\\HaDuongThanh-KLTN-job-survey\\vendor\\laravel\\framework\\src\\Illuminate\\Database\\Eloquent\\Builder.php(875): Illuminate\\Database\\Query\\Builder->get(Array)
#9 E:\\laragon\\www\\HaDuongThanh-KLTN-job-survey\\HaDuongThanh-KLTN-job-survey\\vendor\\laravel\\framework\\src\\Illuminate\\Database\\Eloquent\\Builder.php(853): Illuminate\\Database\\Eloquent\\Builder->getModels(Array)
#10 E:\\laragon\\www\\HaDuongThanh-KLTN-job-survey\\HaDuongThanh-KLTN-job-survey\\app\\Http\\Controllers\\ContactSurveyController.php(199): Illuminate\\Database\\Eloquent\\Builder->get()
#11 E:\\laragon\\www\\HaDuongThanh-KLTN-job-survey\\HaDuongThanh-KLTN-job-survey\\vendor\\laravel\\framework\\src\\Illuminate\\Routing\\ControllerDispatcher.php(46): App\\Http\\Controllers\\ContactSurveyController->handleVerify(Object(Illuminate\\Http\\Request), '3')
#12 E:\\laragon\\www\\HaDuongThanh-KLTN-job-survey\\HaDuongThanh-KLTN-job-survey\\vendor\\laravel\\framework\\src\\Illuminate\\Routing\\Route.php(265): Illuminate\\Routing\\ControllerDispatcher->dispatch(Object(Illuminate\\Routing\\Route), Object(App\\Http\\Controllers\\ContactSurveyController), 'handleVerify')
#13 E:\\laragon\\www\\HaDuongThanh-KLTN-job-survey\\HaDuongThanh-KLTN-job-survey\\vendor\\laravel\\framework\\src\\Illuminate\\Routing\\Route.php(211): Illuminate\\Routing\\Route->runController()
#14 E:\\laragon\\www\\HaDuongThanh-KLTN-job-survey\\HaDuongThanh-KLTN-job-survey\\vendor\\laravel\\framework\\src\\Illuminate\\Routing\\Router.php(808): Illuminate\\Routing\\Route->run()
#15 E:\\laragon\\www\\HaDuongThanh-KLTN-job-survey\\HaDuongThanh-KLTN-job-survey\\vendor\\laravel\\framework\\src\\Illuminate\\Pipeline\\Pipeline.php(169): Illuminate\\Routing\\Router->Illuminate\\Routing\\{closure}(Object(Illuminate\\Http\\Request))
#16 E:\\laragon\\www\\HaDuongThanh-KLTN-job-survey\\HaDuongThanh-KLTN-job-survey\\app\\Http\\Middleware\\AuthenticateSSO.php(33): Illuminate\\Pipeline\\Pipeline->Illuminate\\Pipeline\\{closure}(Object(Illuminate\\Http\\Request))
#17 E:\\laragon\\www\\HaDuongThanh-KLTN-job-survey\\HaDuongThanh-KLTN-job-survey\\vendor\\laravel\\framework\\src\\Illuminate\\Pipeline\\Pipeline.php(208): App\\Http\\Middleware\\AuthenticateSSO->handle(Object(Illuminate\\Http\\Request), Object(Closure))
#18 E:\\laragon\\www\\HaDuongThanh-KLTN-job-survey\\HaDuongThanh-KLTN-job-survey\\vendor\\laravel\\framework\\src\\Illuminate\\Routing\\Middleware\\SubstituteBindings.php(50): Illuminate\\Pipeline\\Pipeline->Illuminate\\Pipeline\\{closure}(Object(Illuminate\\Http\\Request))
#19 E:\\laragon\\www\\HaDuongThanh-KLTN-job-survey\\HaDuongThanh-KLTN-job-survey\\vendor\\laravel\\framework\\src\\Illuminate\\Pipeline\\Pipeline.php(208): Illuminate\\Routing\\Middleware\\SubstituteBindings->handle(Object(Illuminate\\Http\\Request), Object(Closure))
#20 E:\\laragon\\www\\HaDuongThanh-KLTN-job-survey\\HaDuongThanh-KLTN-job-survey\\vendor\\laravel\\framework\\src\\Illuminate\\Foundation\\Http\\Middleware\\VerifyCsrfToken.php(87): Illuminate\\Pipeline\\Pipeline->Illuminate\\Pipeline\\{closure}(Object(Illuminate\\Http\\Request))
#21 E:\\laragon\\www\\HaDuongThanh-KLTN-job-survey\\HaDuongThanh-KLTN-job-survey\\vendor\\laravel\\framework\\src\\Illuminate\\Pipeline\\Pipeline.php(208): Illuminate\\Foundation\\Http\\Middleware\\VerifyCsrfToken->handle(Object(Illuminate\\Http\\Request), Object(Closure))
#22 E:\\laragon\\www\\HaDuongThanh-KLTN-job-survey\\HaDuongThanh-KLTN-job-survey\\vendor\\laravel\\framework\\src\\Illuminate\\View\\Middleware\\ShareErrorsFromSession.php(48): Illuminate\\Pipeline\\Pipeline->Illuminate\\Pipeline\\{closure}(Object(Illuminate\\Http\\Request))
#23 E:\\laragon\\www\\HaDuongThanh-KLTN-job-survey\\HaDuongThanh-KLTN-job-survey\\vendor\\laravel\\framework\\src\\Illuminate\\Pipeline\\Pipeline.php(208): Illuminate\\View\\Middleware\\ShareErrorsFromSession->handle(Object(Illuminate\\Http\\Request), Object(Closure))
#24 E:\\laragon\\www\\HaDuongThanh-KLTN-job-survey\\HaDuongThanh-KLTN-job-survey\\vendor\\laravel\\framework\\src\\Illuminate\\Session\\Middleware\\StartSession.php(120): Illuminate\\Pipeline\\Pipeline->Illuminate\\Pipeline\\{closure}(Object(Illuminate\\Http\\Request))
#25 E:\\laragon\\www\\HaDuongThanh-KLTN-job-survey\\HaDuongThanh-KLTN-job-survey\\vendor\\laravel\\framework\\src\\Illuminate\\Session\\Middleware\\StartSession.php(63): Illuminate\\Session\\Middleware\\StartSession->handleStatefulRequest(Object(Illuminate\\Http\\Request), Object(Illuminate\\Session\\Store), Object(Closure))
#26 E:\\laragon\\www\\HaDuongThanh-KLTN-job-survey\\HaDuongThanh-KLTN-job-survey\\vendor\\laravel\\framework\\src\\Illuminate\\Pipeline\\Pipeline.php(208): Illuminate\\Session\\Middleware\\StartSession->handle(Object(Illuminate\\Http\\Request), Object(Closure))
#27 E:\\laragon\\www\\HaDuongThanh-KLTN-job-survey\\HaDuongThanh-KLTN-job-survey\\vendor\\laravel\\framework\\src\\Illuminate\\Cookie\\Middleware\\AddQueuedCookiesToResponse.php(36): Illuminate\\Pipeline\\Pipeline->Illuminate\\Pipeline\\{closure}(Object(Illuminate\\Http\\Request))
#28 E:\\laragon\\www\\HaDuongThanh-KLTN-job-survey\\HaDuongThanh-KLTN-job-survey\\vendor\\laravel\\framework\\src\\Illuminate\\Pipeline\\Pipeline.php(208): Illuminate\\Cookie\\Middleware\\AddQueuedCookiesToResponse->handle(Object(Illuminate\\Http\\Request), Object(Closure))
#29 E:\\laragon\\www\\HaDuongThanh-KLTN-job-survey\\HaDuongThanh-KLTN-job-survey\\vendor\\laravel\\framework\\src\\Illuminate\\Cookie\\Middleware\\EncryptCookies.php(74): Illuminate\\Pipeline\\Pipeline->Illuminate\\Pipeline\\{closure}(Object(Illuminate\\Http\\Request))
#30 E:\\laragon\\www\\HaDuongThanh-KLTN-job-survey\\HaDuongThanh-KLTN-job-survey\\vendor\\laravel\\framework\\src\\Illuminate\\Pipeline\\Pipeline.php(208): Illuminate\\Cookie\\Middleware\\EncryptCookies->handle(Object(Illuminate\\Http\\Request), Object(Closure))
#31 E:\\laragon\\www\\HaDuongThanh-KLTN-job-survey\\HaDuongThanh-KLTN-job-survey\\vendor\\laravel\\framework\\src\\Illuminate\\Pipeline\\Pipeline.php(126): Illuminate\\Pipeline\\Pipeline->Illuminate\\Pipeline\\{closure}(Object(Illuminate\\Http\\Request))
#32 E:\\laragon\\www\\HaDuongThanh-KLTN-job-survey\\HaDuongThanh-KLTN-job-survey\\vendor\\laravel\\framework\\src\\Illuminate\\Routing\\Router.php(807): Illuminate\\Pipeline\\Pipeline->then(Object(Closure))
#33 E:\\laragon\\www\\HaDuongThanh-KLTN-job-survey\\HaDuongThanh-KLTN-job-survey\\vendor\\laravel\\framework\\src\\Illuminate\\Routing\\Router.php(786): Illuminate\\Routing\\Router->runRouteWithinStack(Object(Illuminate\\Routing\\Route), Object(Illuminate\\Http\\Request))
#34 E:\\laragon\\www\\HaDuongThanh-KLTN-job-survey\\HaDuongThanh-KLTN-job-survey\\vendor\\laravel\\framework\\src\\Illuminate\\Routing\\Router.php(750): Illuminate\\Routing\\Router->runRoute(Object(Illuminate\\Http\\Request), Object(Illuminate\\Routing\\Route))
#35 E:\\laragon\\www\\HaDuongThanh-KLTN-job-survey\\HaDuongThanh-KLTN-job-survey\\vendor\\laravel\\framework\\src\\Illuminate\\Routing\\Router.php(739): Illuminate\\Routing\\Router->dispatchToRoute(Object(Illuminate\\Http\\Request))
#36 E:\\laragon\\www\\HaDuongThanh-KLTN-job-survey\\HaDuongThanh-KLTN-job-survey\\vendor\\laravel\\framework\\src\\Illuminate\\Foundation\\Http\\Kernel.php(200): Illuminate\\Routing\\Router->dispatch(Object(Illuminate\\Http\\Request))
#37 E:\\laragon\\www\\HaDuongThanh-KLTN-job-survey\\HaDuongThanh-KLTN-job-survey\\vendor\\laravel\\framework\\src\\Illuminate\\Pipeline\\Pipeline.php(169): Illuminate\\Foundation\\Http\\Kernel->Illuminate\\Foundation\\Http\\{closure}(Object(Illuminate\\Http\\Request))
#38 E:\\laragon\\www\\HaDuongThanh-KLTN-job-survey\\HaDuongThanh-KLTN-job-survey\\vendor\\laravel\\framework\\src\\Illuminate\\Foundation\\Http\\Middleware\\TransformsRequest.php(21): Illuminate\\Pipeline\\Pipeline->Illuminate\\Pipeline\\{closure}(Object(Illuminate\\Http\\Request))
#39 E:\\laragon\\www\\HaDuongThanh-KLTN-job-survey\\HaDuongThanh-KLTN-job-survey\\vendor\\laravel\\framework\\src\\Illuminate\\Foundation\\Http\\Middleware\\ConvertEmptyStringsToNull.php(31): Illuminate\\Foundation\\Http\\Middleware\\TransformsRequest->handle(Object(Illuminate\\Http\\Request), Object(Closure))
#40 E:\\laragon\\www\\HaDuongThanh-KLTN-job-survey\\HaDuongThanh-KLTN-job-survey\\vendor\\laravel\\framework\\src\\Illuminate\\Pipeline\\Pipeline.php(208): Illuminate\\Foundation\\Http\\Middleware\\ConvertEmptyStringsToNull->handle(Object(Illuminate\\Http\\Request), Object(Closure))
#41 E:\\laragon\\www\\HaDuongThanh-KLTN-job-survey\\HaDuongThanh-KLTN-job-survey\\vendor\\laravel\\framework\\src\\Illuminate\\Foundation\\Http\\Middleware\\TransformsRequest.php(21): Illuminate\\Pipeline\\Pipeline->Illuminate\\Pipeline\\{closure}(Object(Illuminate\\Http\\Request))
#42 E:\\laragon\\www\\HaDuongThanh-KLTN-job-survey\\HaDuongThanh-KLTN-job-survey\\vendor\\laravel\\framework\\src\\Illuminate\\Foundation\\Http\\Middleware\\TrimStrings.php(51): Illuminate\\Foundation\\Http\\Middleware\\TransformsRequest->handle(Object(Illuminate\\Http\\Request), Object(Closure))
#43 E:\\laragon\\www\\HaDuongThanh-KLTN-job-survey\\HaDuongThanh-KLTN-job-survey\\vendor\\laravel\\framework\\src\\Illuminate\\Pipeline\\Pipeline.php(208): Illuminate\\Foundation\\Http\\Middleware\\TrimStrings->handle(Object(Illuminate\\Http\\Request), Object(Closure))
#44 E:\\laragon\\www\\HaDuongThanh-KLTN-job-survey\\HaDuongThanh-KLTN-job-survey\\vendor\\laravel\\framework\\src\\Illuminate\\Http\\Middleware\\ValidatePostSize.php(27): Illuminate\\Pipeline\\Pipeline->Illuminate\\Pipeline\\{closure}(Object(Illuminate\\Http\\Request))
#45 E:\\laragon\\www\\HaDuongThanh-KLTN-job-survey\\HaDuongThanh-KLTN-job-survey\\vendor\\laravel\\framework\\src\\Illuminate\\Pipeline\\Pipeline.php(208): Illuminate\\Http\\Middleware\\ValidatePostSize->handle(Object(Illuminate\\Http\\Request), Object(Closure))
#46 E:\\laragon\\www\\HaDuongThanh-KLTN-job-survey\\HaDuongThanh-KLTN-job-survey\\vendor\\laravel\\framework\\src\\Illuminate\\Foundation\\Http\\Middleware\\PreventRequestsDuringMaintenance.php(109): Illuminate\\Pipeline\\Pipeline->Illuminate\\Pipeline\\{closure}(Object(Illuminate\\Http\\Request))
#47 E:\\laragon\\www\\HaDuongThanh-KLTN-job-survey\\HaDuongThanh-KLTN-job-survey\\vendor\\laravel\\framework\\src\\Illuminate\\Pipeline\\Pipeline.php(208): Illuminate\\Foundation\\Http\\Middleware\\PreventRequestsDuringMaintenance->handle(Object(Illuminate\\Http\\Request), Object(Closure))
#48 E:\\laragon\\www\\HaDuongThanh-KLTN-job-survey\\HaDuongThanh-KLTN-job-survey\\vendor\\laravel\\framework\\src\\Illuminate\\Http\\Middleware\\HandleCors.php(48): Illuminate\\Pipeline\\Pipeline->Illuminate\\Pipeline\\{closure}(Object(Illuminate\\Http\\Request))
#49 E:\\laragon\\www\\HaDuongThanh-KLTN-job-survey\\HaDuongThanh-KLTN-job-survey\\vendor\\laravel\\framework\\src\\Illuminate\\Pipeline\\Pipeline.php(208): Illuminate\\Http\\Middleware\\HandleCors->handle(Object(Illuminate\\Http\\Request), Object(Closure))
#50 E:\\laragon\\www\\HaDuongThanh-KLTN-job-survey\\HaDuongThanh-KLTN-job-survey\\vendor\\laravel\\framework\\src\\Illuminate\\Http\\Middleware\\TrustProxies.php(58): Illuminate\\Pipeline\\Pipeline->Illuminate\\Pipeline\\{closure}(Object(Illuminate\\Http\\Request))
#51 E:\\laragon\\www\\HaDuongThanh-KLTN-job-survey\\HaDuongThanh-KLTN-job-survey\\vendor\\laravel\\framework\\src\\Illuminate\\Pipeline\\Pipeline.php(208): Illuminate\\Http\\Middleware\\TrustProxies->handle(Object(Illuminate\\Http\\Request), Object(Closure))
#52 E:\\laragon\\www\\HaDuongThanh-KLTN-job-survey\\HaDuongThanh-KLTN-job-survey\\vendor\\laravel\\framework\\src\\Illuminate\\Foundation\\Http\\Middleware\\InvokeDeferredCallbacks.php(22): Illuminate\\Pipeline\\Pipeline->Illuminate\\Pipeline\\{closure}(Object(Illuminate\\Http\\Request))
#53 E:\\laragon\\www\\HaDuongThanh-KLTN-job-survey\\HaDuongThanh-KLTN-job-survey\\vendor\\laravel\\framework\\src\\Illuminate\\Pipeline\\Pipeline.php(208): Illuminate\\Foundation\\Http\\Middleware\\InvokeDeferredCallbacks->handle(Object(Illuminate\\Http\\Request), Object(Closure))
#54 E:\\laragon\\www\\HaDuongThanh-KLTN-job-survey\\HaDuongThanh-KLTN-job-survey\\vendor\\laravel\\framework\\src\\Illuminate\\Http\\Middleware\\ValidatePathEncoding.php(26): Illuminate\\Pipeline\\Pipeline->Illuminate\\Pipeline\\{closure}(Object(Illuminate\\Http\\Request))
#55 E:\\laragon\\www\\HaDuongThanh-KLTN-job-survey\\HaDuongThanh-KLTN-job-survey\\vendor\\laravel\\framework\\src\\Illuminate\\Pipeline\\Pipeline.php(208): Illuminate\\Http\\Middleware\\ValidatePathEncoding->handle(Object(Illuminate\\Http\\Request), Object(Closure))
#56 E:\\laragon\\www\\HaDuongThanh-KLTN-job-survey\\HaDuongThanh-KLTN-job-survey\\vendor\\laravel\\framework\\src\\Illuminate\\Pipeline\\Pipeline.php(126): Illuminate\\Pipeline\\Pipeline->Illuminate\\Pipeline\\{closure}(Object(Illuminate\\Http\\Request))
#57 E:\\laragon\\www\\HaDuongThanh-KLTN-job-survey\\HaDuongThanh-KLTN-job-survey\\vendor\\laravel\\framework\\src\\Illuminate\\Foundation\\Http\\Kernel.php(175): Illuminate\\Pipeline\\Pipeline->then(Object(Closure))
#58 E:\\laragon\\www\\HaDuongThanh-KLTN-job-survey\\HaDuongThanh-KLTN-job-survey\\vendor\\laravel\\framework\\src\\Illuminate\\Foundation\\Http\\Kernel.php(144): Illuminate\\Foundation\\Http\\Kernel->sendRequestThroughRouter(Object(Illuminate\\Http\\Request))
#59 E:\\laragon\\www\\HaDuongThanh-KLTN-job-survey\\HaDuongThanh-KLTN-job-survey\\vendor\\laravel\\framework\\src\\Illuminate\\Foundation\\Application.php(1219): Illuminate\\Foundation\\Http\\Kernel->handle(Object(Illuminate\\Http\\Request))
#60 E:\\laragon\\www\\HaDuongThanh-KLTN-job-survey\\HaDuongThanh-KLTN-job-survey\\public\\index.php(20): Illuminate\\Foundation\\Application->handleRequest(Object(Illuminate\\Http\\Request))
#61 E:\\laragon\\www\\HaDuongThanh-KLTN-job-survey\\HaDuongThanh-KLTN-job-survey\\vendor\\laravel\\framework\\src\\Illuminate\\Foundation\\resources\\server.php(23): require_once('E:\\\\laragon\\\\www\\\\...')
#62 {main}
"} 
[2025-07-16 22:56:49] local.ERROR: SQLSTATE[42S22]: Column not found: 1054 Unknown column 'school_year_end' in 'where clause' (Connection: mysql, SQL: select * from `student` where `school_year_end` in (2022) and `student`.`deleted_at` is null) {"userId":1,"exception":"[object] (Illuminate\\Database\\QueryException(code: 42S22): SQLSTATE[42S22]: Column not found: 1054 Unknown column 'school_year_end' in 'where clause' (Connection: mysql, SQL: select * from `student` where `school_year_end` in (2022) and `student`.`deleted_at` is null) at E:\\laragon\\www\\HaDuongThanh-KLTN-job-survey\\HaDuongThanh-KLTN-job-survey\\vendor\\laravel\\framework\\src\\Illuminate\\Database\\Connection.php:822)
[stacktrace]
#0 E:\\laragon\\www\\HaDuongThanh-KLTN-job-survey\\HaDuongThanh-KLTN-job-survey\\vendor\\laravel\\framework\\src\\Illuminate\\Database\\Connection.php(776): Illuminate\\Database\\Connection->runQueryCallback('select * from `...', Array, Object(Closure))
#1 E:\\laragon\\www\\HaDuongThanh-KLTN-job-survey\\HaDuongThanh-KLTN-job-survey\\vendor\\laravel\\framework\\src\\Illuminate\\Database\\Connection.php(395): Illuminate\\Database\\Connection->run('select * from `...', Array, Object(Closure))
#2 E:\\laragon\\www\\HaDuongThanh-KLTN-job-survey\\HaDuongThanh-KLTN-job-survey\\vendor\\laravel\\framework\\src\\Illuminate\\Database\\Query\\Builder.php(3107): Illuminate\\Database\\Connection->select('select * from `...', Array, true)
#3 E:\\laragon\\www\\HaDuongThanh-KLTN-job-survey\\HaDuongThanh-KLTN-job-survey\\vendor\\laravel\\framework\\src\\Illuminate\\Database\\Query\\Builder.php(3092): Illuminate\\Database\\Query\\Builder->runSelect()
#4 E:\\laragon\\www\\HaDuongThanh-KLTN-job-survey\\HaDuongThanh-KLTN-job-survey\\vendor\\laravel\\framework\\src\\Illuminate\\Database\\Query\\Builder.php(3679): Illuminate\\Database\\Query\\Builder->Illuminate\\Database\\Query\\{closure}()
#5 E:\\laragon\\www\\HaDuongThanh-KLTN-job-survey\\HaDuongThanh-KLTN-job-survey\\vendor\\laravel\\framework\\src\\Illuminate\\Database\\Query\\Builder.php(3091): Illuminate\\Database\\Query\\Builder->onceWithColumns(Array, Object(Closure))
#6 E:\\laragon\\www\\HaDuongThanh-KLTN-job-survey\\HaDuongThanh-KLTN-job-survey\\vendor\\laravel\\framework\\src\\Illuminate\\Database\\Eloquent\\Builder.php(875): Illuminate\\Database\\Query\\Builder->get(Array)
#7 E:\\laragon\\www\\HaDuongThanh-KLTN-job-survey\\HaDuongThanh-KLTN-job-survey\\vendor\\laravel\\framework\\src\\Illuminate\\Database\\Eloquent\\Builder.php(853): Illuminate\\Database\\Eloquent\\Builder->getModels(Array)
#8 E:\\laragon\\www\\HaDuongThanh-KLTN-job-survey\\HaDuongThanh-KLTN-job-survey\\app\\Http\\Controllers\\ContactSurveyController.php(199): Illuminate\\Database\\Eloquent\\Builder->get()
#9 E:\\laragon\\www\\HaDuongThanh-KLTN-job-survey\\HaDuongThanh-KLTN-job-survey\\vendor\\laravel\\framework\\src\\Illuminate\\Routing\\ControllerDispatcher.php(46): App\\Http\\Controllers\\ContactSurveyController->handleVerify(Object(Illuminate\\Http\\Request), '3')
#10 E:\\laragon\\www\\HaDuongThanh-KLTN-job-survey\\HaDuongThanh-KLTN-job-survey\\vendor\\laravel\\framework\\src\\Illuminate\\Routing\\Route.php(265): Illuminate\\Routing\\ControllerDispatcher->dispatch(Object(Illuminate\\Routing\\Route), Object(App\\Http\\Controllers\\ContactSurveyController), 'handleVerify')
#11 E:\\laragon\\www\\HaDuongThanh-KLTN-job-survey\\HaDuongThanh-KLTN-job-survey\\vendor\\laravel\\framework\\src\\Illuminate\\Routing\\Route.php(211): Illuminate\\Routing\\Route->runController()
#12 E:\\laragon\\www\\HaDuongThanh-KLTN-job-survey\\HaDuongThanh-KLTN-job-survey\\vendor\\laravel\\framework\\src\\Illuminate\\Routing\\Router.php(808): Illuminate\\Routing\\Route->run()
#13 E:\\laragon\\www\\HaDuongThanh-KLTN-job-survey\\HaDuongThanh-KLTN-job-survey\\vendor\\laravel\\framework\\src\\Illuminate\\Pipeline\\Pipeline.php(169): Illuminate\\Routing\\Router->Illuminate\\Routing\\{closure}(Object(Illuminate\\Http\\Request))
#14 E:\\laragon\\www\\HaDuongThanh-KLTN-job-survey\\HaDuongThanh-KLTN-job-survey\\app\\Http\\Middleware\\AuthenticateSSO.php(33): Illuminate\\Pipeline\\Pipeline->Illuminate\\Pipeline\\{closure}(Object(Illuminate\\Http\\Request))
#15 E:\\laragon\\www\\HaDuongThanh-KLTN-job-survey\\HaDuongThanh-KLTN-job-survey\\vendor\\laravel\\framework\\src\\Illuminate\\Pipeline\\Pipeline.php(208): App\\Http\\Middleware\\AuthenticateSSO->handle(Object(Illuminate\\Http\\Request), Object(Closure))
#16 E:\\laragon\\www\\HaDuongThanh-KLTN-job-survey\\HaDuongThanh-KLTN-job-survey\\vendor\\laravel\\framework\\src\\Illuminate\\Routing\\Middleware\\SubstituteBindings.php(50): Illuminate\\Pipeline\\Pipeline->Illuminate\\Pipeline\\{closure}(Object(Illuminate\\Http\\Request))
#17 E:\\laragon\\www\\HaDuongThanh-KLTN-job-survey\\HaDuongThanh-KLTN-job-survey\\vendor\\laravel\\framework\\src\\Illuminate\\Pipeline\\Pipeline.php(208): Illuminate\\Routing\\Middleware\\SubstituteBindings->handle(Object(Illuminate\\Http\\Request), Object(Closure))
#18 E:\\laragon\\www\\HaDuongThanh-KLTN-job-survey\\HaDuongThanh-KLTN-job-survey\\vendor\\laravel\\framework\\src\\Illuminate\\Foundation\\Http\\Middleware\\VerifyCsrfToken.php(87): Illuminate\\Pipeline\\Pipeline->Illuminate\\Pipeline\\{closure}(Object(Illuminate\\Http\\Request))
#19 E:\\laragon\\www\\HaDuongThanh-KLTN-job-survey\\HaDuongThanh-KLTN-job-survey\\vendor\\laravel\\framework\\src\\Illuminate\\Pipeline\\Pipeline.php(208): Illuminate\\Foundation\\Http\\Middleware\\VerifyCsrfToken->handle(Object(Illuminate\\Http\\Request), Object(Closure))
#20 E:\\laragon\\www\\HaDuongThanh-KLTN-job-survey\\HaDuongThanh-KLTN-job-survey\\vendor\\laravel\\framework\\src\\Illuminate\\View\\Middleware\\ShareErrorsFromSession.php(48): Illuminate\\Pipeline\\Pipeline->Illuminate\\Pipeline\\{closure}(Object(Illuminate\\Http\\Request))
#21 E:\\laragon\\www\\HaDuongThanh-KLTN-job-survey\\HaDuongThanh-KLTN-job-survey\\vendor\\laravel\\framework\\src\\Illuminate\\Pipeline\\Pipeline.php(208): Illuminate\\View\\Middleware\\ShareErrorsFromSession->handle(Object(Illuminate\\Http\\Request), Object(Closure))
#22 E:\\laragon\\www\\HaDuongThanh-KLTN-job-survey\\HaDuongThanh-KLTN-job-survey\\vendor\\laravel\\framework\\src\\Illuminate\\Session\\Middleware\\StartSession.php(120): Illuminate\\Pipeline\\Pipeline->Illuminate\\Pipeline\\{closure}(Object(Illuminate\\Http\\Request))
#23 E:\\laragon\\www\\HaDuongThanh-KLTN-job-survey\\HaDuongThanh-KLTN-job-survey\\vendor\\laravel\\framework\\src\\Illuminate\\Session\\Middleware\\StartSession.php(63): Illuminate\\Session\\Middleware\\StartSession->handleStatefulRequest(Object(Illuminate\\Http\\Request), Object(Illuminate\\Session\\Store), Object(Closure))
#24 E:\\laragon\\www\\HaDuongThanh-KLTN-job-survey\\HaDuongThanh-KLTN-job-survey\\vendor\\laravel\\framework\\src\\Illuminate\\Pipeline\\Pipeline.php(208): Illuminate\\Session\\Middleware\\StartSession->handle(Object(Illuminate\\Http\\Request), Object(Closure))
#25 E:\\laragon\\www\\HaDuongThanh-KLTN-job-survey\\HaDuongThanh-KLTN-job-survey\\vendor\\laravel\\framework\\src\\Illuminate\\Cookie\\Middleware\\AddQueuedCookiesToResponse.php(36): Illuminate\\Pipeline\\Pipeline->Illuminate\\Pipeline\\{closure}(Object(Illuminate\\Http\\Request))
#26 E:\\laragon\\www\\HaDuongThanh-KLTN-job-survey\\HaDuongThanh-KLTN-job-survey\\vendor\\laravel\\framework\\src\\Illuminate\\Pipeline\\Pipeline.php(208): Illuminate\\Cookie\\Middleware\\AddQueuedCookiesToResponse->handle(Object(Illuminate\\Http\\Request), Object(Closure))
#27 E:\\laragon\\www\\HaDuongThanh-KLTN-job-survey\\HaDuongThanh-KLTN-job-survey\\vendor\\laravel\\framework\\src\\Illuminate\\Cookie\\Middleware\\EncryptCookies.php(74): Illuminate\\Pipeline\\Pipeline->Illuminate\\Pipeline\\{closure}(Object(Illuminate\\Http\\Request))
#28 E:\\laragon\\www\\HaDuongThanh-KLTN-job-survey\\HaDuongThanh-KLTN-job-survey\\vendor\\laravel\\framework\\src\\Illuminate\\Pipeline\\Pipeline.php(208): Illuminate\\Cookie\\Middleware\\EncryptCookies->handle(Object(Illuminate\\Http\\Request), Object(Closure))
#29 E:\\laragon\\www\\HaDuongThanh-KLTN-job-survey\\HaDuongThanh-KLTN-job-survey\\vendor\\laravel\\framework\\src\\Illuminate\\Pipeline\\Pipeline.php(126): Illuminate\\Pipeline\\Pipeline->Illuminate\\Pipeline\\{closure}(Object(Illuminate\\Http\\Request))
#30 E:\\laragon\\www\\HaDuongThanh-KLTN-job-survey\\HaDuongThanh-KLTN-job-survey\\vendor\\laravel\\framework\\src\\Illuminate\\Routing\\Router.php(807): Illuminate\\Pipeline\\Pipeline->then(Object(Closure))
#31 E:\\laragon\\www\\HaDuongThanh-KLTN-job-survey\\HaDuongThanh-KLTN-job-survey\\vendor\\laravel\\framework\\src\\Illuminate\\Routing\\Router.php(786): Illuminate\\Routing\\Router->runRouteWithinStack(Object(Illuminate\\Routing\\Route), Object(Illuminate\\Http\\Request))
#32 E:\\laragon\\www\\HaDuongThanh-KLTN-job-survey\\HaDuongThanh-KLTN-job-survey\\vendor\\laravel\\framework\\src\\Illuminate\\Routing\\Router.php(750): Illuminate\\Routing\\Router->runRoute(Object(Illuminate\\Http\\Request), Object(Illuminate\\Routing\\Route))
#33 E:\\laragon\\www\\HaDuongThanh-KLTN-job-survey\\HaDuongThanh-KLTN-job-survey\\vendor\\laravel\\framework\\src\\Illuminate\\Routing\\Router.php(739): Illuminate\\Routing\\Router->dispatchToRoute(Object(Illuminate\\Http\\Request))
#34 E:\\laragon\\www\\HaDuongThanh-KLTN-job-survey\\HaDuongThanh-KLTN-job-survey\\vendor\\laravel\\framework\\src\\Illuminate\\Foundation\\Http\\Kernel.php(200): Illuminate\\Routing\\Router->dispatch(Object(Illuminate\\Http\\Request))
#35 E:\\laragon\\www\\HaDuongThanh-KLTN-job-survey\\HaDuongThanh-KLTN-job-survey\\vendor\\laravel\\framework\\src\\Illuminate\\Pipeline\\Pipeline.php(169): Illuminate\\Foundation\\Http\\Kernel->Illuminate\\Foundation\\Http\\{closure}(Object(Illuminate\\Http\\Request))
#36 E:\\laragon\\www\\HaDuongThanh-KLTN-job-survey\\HaDuongThanh-KLTN-job-survey\\vendor\\laravel\\framework\\src\\Illuminate\\Foundation\\Http\\Middleware\\TransformsRequest.php(21): Illuminate\\Pipeline\\Pipeline->Illuminate\\Pipeline\\{closure}(Object(Illuminate\\Http\\Request))
#37 E:\\laragon\\www\\HaDuongThanh-KLTN-job-survey\\HaDuongThanh-KLTN-job-survey\\vendor\\laravel\\framework\\src\\Illuminate\\Foundation\\Http\\Middleware\\ConvertEmptyStringsToNull.php(31): Illuminate\\Foundation\\Http\\Middleware\\TransformsRequest->handle(Object(Illuminate\\Http\\Request), Object(Closure))
#38 E:\\laragon\\www\\HaDuongThanh-KLTN-job-survey\\HaDuongThanh-KLTN-job-survey\\vendor\\laravel\\framework\\src\\Illuminate\\Pipeline\\Pipeline.php(208): Illuminate\\Foundation\\Http\\Middleware\\ConvertEmptyStringsToNull->handle(Object(Illuminate\\Http\\Request), Object(Closure))
#39 E:\\laragon\\www\\HaDuongThanh-KLTN-job-survey\\HaDuongThanh-KLTN-job-survey\\vendor\\laravel\\framework\\src\\Illuminate\\Foundation\\Http\\Middleware\\TransformsRequest.php(21): Illuminate\\Pipeline\\Pipeline->Illuminate\\Pipeline\\{closure}(Object(Illuminate\\Http\\Request))
#40 E:\\laragon\\www\\HaDuongThanh-KLTN-job-survey\\HaDuongThanh-KLTN-job-survey\\vendor\\laravel\\framework\\src\\Illuminate\\Foundation\\Http\\Middleware\\TrimStrings.php(51): Illuminate\\Foundation\\Http\\Middleware\\TransformsRequest->handle(Object(Illuminate\\Http\\Request), Object(Closure))
#41 E:\\laragon\\www\\HaDuongThanh-KLTN-job-survey\\HaDuongThanh-KLTN-job-survey\\vendor\\laravel\\framework\\src\\Illuminate\\Pipeline\\Pipeline.php(208): Illuminate\\Foundation\\Http\\Middleware\\TrimStrings->handle(Object(Illuminate\\Http\\Request), Object(Closure))
#42 E:\\laragon\\www\\HaDuongThanh-KLTN-job-survey\\HaDuongThanh-KLTN-job-survey\\vendor\\laravel\\framework\\src\\Illuminate\\Http\\Middleware\\ValidatePostSize.php(27): Illuminate\\Pipeline\\Pipeline->Illuminate\\Pipeline\\{closure}(Object(Illuminate\\Http\\Request))
#43 E:\\laragon\\www\\HaDuongThanh-KLTN-job-survey\\HaDuongThanh-KLTN-job-survey\\vendor\\laravel\\framework\\src\\Illuminate\\Pipeline\\Pipeline.php(208): Illuminate\\Http\\Middleware\\ValidatePostSize->handle(Object(Illuminate\\Http\\Request), Object(Closure))
#44 E:\\laragon\\www\\HaDuongThanh-KLTN-job-survey\\HaDuongThanh-KLTN-job-survey\\vendor\\laravel\\framework\\src\\Illuminate\\Foundation\\Http\\Middleware\\PreventRequestsDuringMaintenance.php(109): Illuminate\\Pipeline\\Pipeline->Illuminate\\Pipeline\\{closure}(Object(Illuminate\\Http\\Request))
#45 E:\\laragon\\www\\HaDuongThanh-KLTN-job-survey\\HaDuongThanh-KLTN-job-survey\\vendor\\laravel\\framework\\src\\Illuminate\\Pipeline\\Pipeline.php(208): Illuminate\\Foundation\\Http\\Middleware\\PreventRequestsDuringMaintenance->handle(Object(Illuminate\\Http\\Request), Object(Closure))
#46 E:\\laragon\\www\\HaDuongThanh-KLTN-job-survey\\HaDuongThanh-KLTN-job-survey\\vendor\\laravel\\framework\\src\\Illuminate\\Http\\Middleware\\HandleCors.php(48): Illuminate\\Pipeline\\Pipeline->Illuminate\\Pipeline\\{closure}(Object(Illuminate\\Http\\Request))
#47 E:\\laragon\\www\\HaDuongThanh-KLTN-job-survey\\HaDuongThanh-KLTN-job-survey\\vendor\\laravel\\framework\\src\\Illuminate\\Pipeline\\Pipeline.php(208): Illuminate\\Http\\Middleware\\HandleCors->handle(Object(Illuminate\\Http\\Request), Object(Closure))
#48 E:\\laragon\\www\\HaDuongThanh-KLTN-job-survey\\HaDuongThanh-KLTN-job-survey\\vendor\\laravel\\framework\\src\\Illuminate\\Http\\Middleware\\TrustProxies.php(58): Illuminate\\Pipeline\\Pipeline->Illuminate\\Pipeline\\{closure}(Object(Illuminate\\Http\\Request))
#49 E:\\laragon\\www\\HaDuongThanh-KLTN-job-survey\\HaDuongThanh-KLTN-job-survey\\vendor\\laravel\\framework\\src\\Illuminate\\Pipeline\\Pipeline.php(208): Illuminate\\Http\\Middleware\\TrustProxies->handle(Object(Illuminate\\Http\\Request), Object(Closure))
#50 E:\\laragon\\www\\HaDuongThanh-KLTN-job-survey\\HaDuongThanh-KLTN-job-survey\\vendor\\laravel\\framework\\src\\Illuminate\\Foundation\\Http\\Middleware\\InvokeDeferredCallbacks.php(22): Illuminate\\Pipeline\\Pipeline->Illuminate\\Pipeline\\{closure}(Object(Illuminate\\Http\\Request))
#51 E:\\laragon\\www\\HaDuongThanh-KLTN-job-survey\\HaDuongThanh-KLTN-job-survey\\vendor\\laravel\\framework\\src\\Illuminate\\Pipeline\\Pipeline.php(208): Illuminate\\Foundation\\Http\\Middleware\\InvokeDeferredCallbacks->handle(Object(Illuminate\\Http\\Request), Object(Closure))
#52 E:\\laragon\\www\\HaDuongThanh-KLTN-job-survey\\HaDuongThanh-KLTN-job-survey\\vendor\\laravel\\framework\\src\\Illuminate\\Http\\Middleware\\ValidatePathEncoding.php(26): Illuminate\\Pipeline\\Pipeline->Illuminate\\Pipeline\\{closure}(Object(Illuminate\\Http\\Request))
#53 E:\\laragon\\www\\HaDuongThanh-KLTN-job-survey\\HaDuongThanh-KLTN-job-survey\\vendor\\laravel\\framework\\src\\Illuminate\\Pipeline\\Pipeline.php(208): Illuminate\\Http\\Middleware\\ValidatePathEncoding->handle(Object(Illuminate\\Http\\Request), Object(Closure))
#54 E:\\laragon\\www\\HaDuongThanh-KLTN-job-survey\\HaDuongThanh-KLTN-job-survey\\vendor\\laravel\\framework\\src\\Illuminate\\Pipeline\\Pipeline.php(126): Illuminate\\Pipeline\\Pipeline->Illuminate\\Pipeline\\{closure}(Object(Illuminate\\Http\\Request))
#55 E:\\laragon\\www\\HaDuongThanh-KLTN-job-survey\\HaDuongThanh-KLTN-job-survey\\vendor\\laravel\\framework\\src\\Illuminate\\Foundation\\Http\\Kernel.php(175): Illuminate\\Pipeline\\Pipeline->then(Object(Closure))
#56 E:\\laragon\\www\\HaDuongThanh-KLTN-job-survey\\HaDuongThanh-KLTN-job-survey\\vendor\\laravel\\framework\\src\\Illuminate\\Foundation\\Http\\Kernel.php(144): Illuminate\\Foundation\\Http\\Kernel->sendRequestThroughRouter(Object(Illuminate\\Http\\Request))
#57 E:\\laragon\\www\\HaDuongThanh-KLTN-job-survey\\HaDuongThanh-KLTN-job-survey\\vendor\\laravel\\framework\\src\\Illuminate\\Foundation\\Application.php(1219): Illuminate\\Foundation\\Http\\Kernel->handle(Object(Illuminate\\Http\\Request))
#58 E:\\laragon\\www\\HaDuongThanh-KLTN-job-survey\\HaDuongThanh-KLTN-job-survey\\public\\index.php(20): Illuminate\\Foundation\\Application->handleRequest(Object(Illuminate\\Http\\Request))
#59 E:\\laragon\\www\\HaDuongThanh-KLTN-job-survey\\HaDuongThanh-KLTN-job-survey\\vendor\\laravel\\framework\\src\\Illuminate\\Foundation\\resources\\server.php(23): require_once('E:\\\\laragon\\\\www\\\\...')
#60 {main}

[previous exception] [object] (PDOException(code: 42S22): SQLSTATE[42S22]: Column not found: 1054 Unknown column 'school_year_end' in 'where clause' at E:\\laragon\\www\\HaDuongThanh-KLTN-job-survey\\HaDuongThanh-KLTN-job-survey\\vendor\\laravel\\framework\\src\\Illuminate\\Database\\Connection.php:404)
[stacktrace]
#0 E:\\laragon\\www\\HaDuongThanh-KLTN-job-survey\\HaDuongThanh-KLTN-job-survey\\vendor\\laravel\\framework\\src\\Illuminate\\Database\\Connection.php(404): PDO->prepare('select * from `...')
#1 E:\\laragon\\www\\HaDuongThanh-KLTN-job-survey\\HaDuongThanh-KLTN-job-survey\\vendor\\laravel\\framework\\src\\Illuminate\\Database\\Connection.php(809): Illuminate\\Database\\Connection->Illuminate\\Database\\{closure}('select * from `...', Array)
#2 E:\\laragon\\www\\HaDuongThanh-KLTN-job-survey\\HaDuongThanh-KLTN-job-survey\\vendor\\laravel\\framework\\src\\Illuminate\\Database\\Connection.php(776): Illuminate\\Database\\Connection->runQueryCallback('select * from `...', Array, Object(Closure))
#3 E:\\laragon\\www\\HaDuongThanh-KLTN-job-survey\\HaDuongThanh-KLTN-job-survey\\vendor\\laravel\\framework\\src\\Illuminate\\Database\\Connection.php(395): Illuminate\\Database\\Connection->run('select * from `...', Array, Object(Closure))
#4 E:\\laragon\\www\\HaDuongThanh-KLTN-job-survey\\HaDuongThanh-KLTN-job-survey\\vendor\\laravel\\framework\\src\\Illuminate\\Database\\Query\\Builder.php(3107): Illuminate\\Database\\Connection->select('select * from `...', Array, true)
#5 E:\\laragon\\www\\HaDuongThanh-KLTN-job-survey\\HaDuongThanh-KLTN-job-survey\\vendor\\laravel\\framework\\src\\Illuminate\\Database\\Query\\Builder.php(3092): Illuminate\\Database\\Query\\Builder->runSelect()
#6 E:\\laragon\\www\\HaDuongThanh-KLTN-job-survey\\HaDuongThanh-KLTN-job-survey\\vendor\\laravel\\framework\\src\\Illuminate\\Database\\Query\\Builder.php(3679): Illuminate\\Database\\Query\\Builder->Illuminate\\Database\\Query\\{closure}()
#7 E:\\laragon\\www\\HaDuongThanh-KLTN-job-survey\\HaDuongThanh-KLTN-job-survey\\vendor\\laravel\\framework\\src\\Illuminate\\Database\\Query\\Builder.php(3091): Illuminate\\Database\\Query\\Builder->onceWithColumns(Array, Object(Closure))
#8 E:\\laragon\\www\\HaDuongThanh-KLTN-job-survey\\HaDuongThanh-KLTN-job-survey\\vendor\\laravel\\framework\\src\\Illuminate\\Database\\Eloquent\\Builder.php(875): Illuminate\\Database\\Query\\Builder->get(Array)
#9 E:\\laragon\\www\\HaDuongThanh-KLTN-job-survey\\HaDuongThanh-KLTN-job-survey\\vendor\\laravel\\framework\\src\\Illuminate\\Database\\Eloquent\\Builder.php(853): Illuminate\\Database\\Eloquent\\Builder->getModels(Array)
#10 E:\\laragon\\www\\HaDuongThanh-KLTN-job-survey\\HaDuongThanh-KLTN-job-survey\\app\\Http\\Controllers\\ContactSurveyController.php(199): Illuminate\\Database\\Eloquent\\Builder->get()
#11 E:\\laragon\\www\\HaDuongThanh-KLTN-job-survey\\HaDuongThanh-KLTN-job-survey\\vendor\\laravel\\framework\\src\\Illuminate\\Routing\\ControllerDispatcher.php(46): App\\Http\\Controllers\\ContactSurveyController->handleVerify(Object(Illuminate\\Http\\Request), '3')
#12 E:\\laragon\\www\\HaDuongThanh-KLTN-job-survey\\HaDuongThanh-KLTN-job-survey\\vendor\\laravel\\framework\\src\\Illuminate\\Routing\\Route.php(265): Illuminate\\Routing\\ControllerDispatcher->dispatch(Object(Illuminate\\Routing\\Route), Object(App\\Http\\Controllers\\ContactSurveyController), 'handleVerify')
#13 E:\\laragon\\www\\HaDuongThanh-KLTN-job-survey\\HaDuongThanh-KLTN-job-survey\\vendor\\laravel\\framework\\src\\Illuminate\\Routing\\Route.php(211): Illuminate\\Routing\\Route->runController()
#14 E:\\laragon\\www\\HaDuongThanh-KLTN-job-survey\\HaDuongThanh-KLTN-job-survey\\vendor\\laravel\\framework\\src\\Illuminate\\Routing\\Router.php(808): Illuminate\\Routing\\Route->run()
#15 E:\\laragon\\www\\HaDuongThanh-KLTN-job-survey\\HaDuongThanh-KLTN-job-survey\\vendor\\laravel\\framework\\src\\Illuminate\\Pipeline\\Pipeline.php(169): Illuminate\\Routing\\Router->Illuminate\\Routing\\{closure}(Object(Illuminate\\Http\\Request))
#16 E:\\laragon\\www\\HaDuongThanh-KLTN-job-survey\\HaDuongThanh-KLTN-job-survey\\app\\Http\\Middleware\\AuthenticateSSO.php(33): Illuminate\\Pipeline\\Pipeline->Illuminate\\Pipeline\\{closure}(Object(Illuminate\\Http\\Request))
#17 E:\\laragon\\www\\HaDuongThanh-KLTN-job-survey\\HaDuongThanh-KLTN-job-survey\\vendor\\laravel\\framework\\src\\Illuminate\\Pipeline\\Pipeline.php(208): App\\Http\\Middleware\\AuthenticateSSO->handle(Object(Illuminate\\Http\\Request), Object(Closure))
#18 E:\\laragon\\www\\HaDuongThanh-KLTN-job-survey\\HaDuongThanh-KLTN-job-survey\\vendor\\laravel\\framework\\src\\Illuminate\\Routing\\Middleware\\SubstituteBindings.php(50): Illuminate\\Pipeline\\Pipeline->Illuminate\\Pipeline\\{closure}(Object(Illuminate\\Http\\Request))
#19 E:\\laragon\\www\\HaDuongThanh-KLTN-job-survey\\HaDuongThanh-KLTN-job-survey\\vendor\\laravel\\framework\\src\\Illuminate\\Pipeline\\Pipeline.php(208): Illuminate\\Routing\\Middleware\\SubstituteBindings->handle(Object(Illuminate\\Http\\Request), Object(Closure))
#20 E:\\laragon\\www\\HaDuongThanh-KLTN-job-survey\\HaDuongThanh-KLTN-job-survey\\vendor\\laravel\\framework\\src\\Illuminate\\Foundation\\Http\\Middleware\\VerifyCsrfToken.php(87): Illuminate\\Pipeline\\Pipeline->Illuminate\\Pipeline\\{closure}(Object(Illuminate\\Http\\Request))
#21 E:\\laragon\\www\\HaDuongThanh-KLTN-job-survey\\HaDuongThanh-KLTN-job-survey\\vendor\\laravel\\framework\\src\\Illuminate\\Pipeline\\Pipeline.php(208): Illuminate\\Foundation\\Http\\Middleware\\VerifyCsrfToken->handle(Object(Illuminate\\Http\\Request), Object(Closure))
#22 E:\\laragon\\www\\HaDuongThanh-KLTN-job-survey\\HaDuongThanh-KLTN-job-survey\\vendor\\laravel\\framework\\src\\Illuminate\\View\\Middleware\\ShareErrorsFromSession.php(48): Illuminate\\Pipeline\\Pipeline->Illuminate\\Pipeline\\{closure}(Object(Illuminate\\Http\\Request))
#23 E:\\laragon\\www\\HaDuongThanh-KLTN-job-survey\\HaDuongThanh-KLTN-job-survey\\vendor\\laravel\\framework\\src\\Illuminate\\Pipeline\\Pipeline.php(208): Illuminate\\View\\Middleware\\ShareErrorsFromSession->handle(Object(Illuminate\\Http\\Request), Object(Closure))
#24 E:\\laragon\\www\\HaDuongThanh-KLTN-job-survey\\HaDuongThanh-KLTN-job-survey\\vendor\\laravel\\framework\\src\\Illuminate\\Session\\Middleware\\StartSession.php(120): Illuminate\\Pipeline\\Pipeline->Illuminate\\Pipeline\\{closure}(Object(Illuminate\\Http\\Request))
#25 E:\\laragon\\www\\HaDuongThanh-KLTN-job-survey\\HaDuongThanh-KLTN-job-survey\\vendor\\laravel\\framework\\src\\Illuminate\\Session\\Middleware\\StartSession.php(63): Illuminate\\Session\\Middleware\\StartSession->handleStatefulRequest(Object(Illuminate\\Http\\Request), Object(Illuminate\\Session\\Store), Object(Closure))
#26 E:\\laragon\\www\\HaDuongThanh-KLTN-job-survey\\HaDuongThanh-KLTN-job-survey\\vendor\\laravel\\framework\\src\\Illuminate\\Pipeline\\Pipeline.php(208): Illuminate\\Session\\Middleware\\StartSession->handle(Object(Illuminate\\Http\\Request), Object(Closure))
#27 E:\\laragon\\www\\HaDuongThanh-KLTN-job-survey\\HaDuongThanh-KLTN-job-survey\\vendor\\laravel\\framework\\src\\Illuminate\\Cookie\\Middleware\\AddQueuedCookiesToResponse.php(36): Illuminate\\Pipeline\\Pipeline->Illuminate\\Pipeline\\{closure}(Object(Illuminate\\Http\\Request))
#28 E:\\laragon\\www\\HaDuongThanh-KLTN-job-survey\\HaDuongThanh-KLTN-job-survey\\vendor\\laravel\\framework\\src\\Illuminate\\Pipeline\\Pipeline.php(208): Illuminate\\Cookie\\Middleware\\AddQueuedCookiesToResponse->handle(Object(Illuminate\\Http\\Request), Object(Closure))
#29 E:\\laragon\\www\\HaDuongThanh-KLTN-job-survey\\HaDuongThanh-KLTN-job-survey\\vendor\\laravel\\framework\\src\\Illuminate\\Cookie\\Middleware\\EncryptCookies.php(74): Illuminate\\Pipeline\\Pipeline->Illuminate\\Pipeline\\{closure}(Object(Illuminate\\Http\\Request))
#30 E:\\laragon\\www\\HaDuongThanh-KLTN-job-survey\\HaDuongThanh-KLTN-job-survey\\vendor\\laravel\\framework\\src\\Illuminate\\Pipeline\\Pipeline.php(208): Illuminate\\Cookie\\Middleware\\EncryptCookies->handle(Object(Illuminate\\Http\\Request), Object(Closure))
#31 E:\\laragon\\www\\HaDuongThanh-KLTN-job-survey\\HaDuongThanh-KLTN-job-survey\\vendor\\laravel\\framework\\src\\Illuminate\\Pipeline\\Pipeline.php(126): Illuminate\\Pipeline\\Pipeline->Illuminate\\Pipeline\\{closure}(Object(Illuminate\\Http\\Request))
#32 E:\\laragon\\www\\HaDuongThanh-KLTN-job-survey\\HaDuongThanh-KLTN-job-survey\\vendor\\laravel\\framework\\src\\Illuminate\\Routing\\Router.php(807): Illuminate\\Pipeline\\Pipeline->then(Object(Closure))
#33 E:\\laragon\\www\\HaDuongThanh-KLTN-job-survey\\HaDuongThanh-KLTN-job-survey\\vendor\\laravel\\framework\\src\\Illuminate\\Routing\\Router.php(786): Illuminate\\Routing\\Router->runRouteWithinStack(Object(Illuminate\\Routing\\Route), Object(Illuminate\\Http\\Request))
#34 E:\\laragon\\www\\HaDuongThanh-KLTN-job-survey\\HaDuongThanh-KLTN-job-survey\\vendor\\laravel\\framework\\src\\Illuminate\\Routing\\Router.php(750): Illuminate\\Routing\\Router->runRoute(Object(Illuminate\\Http\\Request), Object(Illuminate\\Routing\\Route))
#35 E:\\laragon\\www\\HaDuongThanh-KLTN-job-survey\\HaDuongThanh-KLTN-job-survey\\vendor\\laravel\\framework\\src\\Illuminate\\Routing\\Router.php(739): Illuminate\\Routing\\Router->dispatchToRoute(Object(Illuminate\\Http\\Request))
#36 E:\\laragon\\www\\HaDuongThanh-KLTN-job-survey\\HaDuongThanh-KLTN-job-survey\\vendor\\laravel\\framework\\src\\Illuminate\\Foundation\\Http\\Kernel.php(200): Illuminate\\Routing\\Router->dispatch(Object(Illuminate\\Http\\Request))
#37 E:\\laragon\\www\\HaDuongThanh-KLTN-job-survey\\HaDuongThanh-KLTN-job-survey\\vendor\\laravel\\framework\\src\\Illuminate\\Pipeline\\Pipeline.php(169): Illuminate\\Foundation\\Http\\Kernel->Illuminate\\Foundation\\Http\\{closure}(Object(Illuminate\\Http\\Request))
#38 E:\\laragon\\www\\HaDuongThanh-KLTN-job-survey\\HaDuongThanh-KLTN-job-survey\\vendor\\laravel\\framework\\src\\Illuminate\\Foundation\\Http\\Middleware\\TransformsRequest.php(21): Illuminate\\Pipeline\\Pipeline->Illuminate\\Pipeline\\{closure}(Object(Illuminate\\Http\\Request))
#39 E:\\laragon\\www\\HaDuongThanh-KLTN-job-survey\\HaDuongThanh-KLTN-job-survey\\vendor\\laravel\\framework\\src\\Illuminate\\Foundation\\Http\\Middleware\\ConvertEmptyStringsToNull.php(31): Illuminate\\Foundation\\Http\\Middleware\\TransformsRequest->handle(Object(Illuminate\\Http\\Request), Object(Closure))
#40 E:\\laragon\\www\\HaDuongThanh-KLTN-job-survey\\HaDuongThanh-KLTN-job-survey\\vendor\\laravel\\framework\\src\\Illuminate\\Pipeline\\Pipeline.php(208): Illuminate\\Foundation\\Http\\Middleware\\ConvertEmptyStringsToNull->handle(Object(Illuminate\\Http\\Request), Object(Closure))
#41 E:\\laragon\\www\\HaDuongThanh-KLTN-job-survey\\HaDuongThanh-KLTN-job-survey\\vendor\\laravel\\framework\\src\\Illuminate\\Foundation\\Http\\Middleware\\TransformsRequest.php(21): Illuminate\\Pipeline\\Pipeline->Illuminate\\Pipeline\\{closure}(Object(Illuminate\\Http\\Request))
#42 E:\\laragon\\www\\HaDuongThanh-KLTN-job-survey\\HaDuongThanh-KLTN-job-survey\\vendor\\laravel\\framework\\src\\Illuminate\\Foundation\\Http\\Middleware\\TrimStrings.php(51): Illuminate\\Foundation\\Http\\Middleware\\TransformsRequest->handle(Object(Illuminate\\Http\\Request), Object(Closure))
#43 E:\\laragon\\www\\HaDuongThanh-KLTN-job-survey\\HaDuongThanh-KLTN-job-survey\\vendor\\laravel\\framework\\src\\Illuminate\\Pipeline\\Pipeline.php(208): Illuminate\\Foundation\\Http\\Middleware\\TrimStrings->handle(Object(Illuminate\\Http\\Request), Object(Closure))
#44 E:\\laragon\\www\\HaDuongThanh-KLTN-job-survey\\HaDuongThanh-KLTN-job-survey\\vendor\\laravel\\framework\\src\\Illuminate\\Http\\Middleware\\ValidatePostSize.php(27): Illuminate\\Pipeline\\Pipeline->Illuminate\\Pipeline\\{closure}(Object(Illuminate\\Http\\Request))
#45 E:\\laragon\\www\\HaDuongThanh-KLTN-job-survey\\HaDuongThanh-KLTN-job-survey\\vendor\\laravel\\framework\\src\\Illuminate\\Pipeline\\Pipeline.php(208): Illuminate\\Http\\Middleware\\ValidatePostSize->handle(Object(Illuminate\\Http\\Request), Object(Closure))
#46 E:\\laragon\\www\\HaDuongThanh-KLTN-job-survey\\HaDuongThanh-KLTN-job-survey\\vendor\\laravel\\framework\\src\\Illuminate\\Foundation\\Http\\Middleware\\PreventRequestsDuringMaintenance.php(109): Illuminate\\Pipeline\\Pipeline->Illuminate\\Pipeline\\{closure}(Object(Illuminate\\Http\\Request))
#47 E:\\laragon\\www\\HaDuongThanh-KLTN-job-survey\\HaDuongThanh-KLTN-job-survey\\vendor\\laravel\\framework\\src\\Illuminate\\Pipeline\\Pipeline.php(208): Illuminate\\Foundation\\Http\\Middleware\\PreventRequestsDuringMaintenance->handle(Object(Illuminate\\Http\\Request), Object(Closure))
#48 E:\\laragon\\www\\HaDuongThanh-KLTN-job-survey\\HaDuongThanh-KLTN-job-survey\\vendor\\laravel\\framework\\src\\Illuminate\\Http\\Middleware\\HandleCors.php(48): Illuminate\\Pipeline\\Pipeline->Illuminate\\Pipeline\\{closure}(Object(Illuminate\\Http\\Request))
#49 E:\\laragon\\www\\HaDuongThanh-KLTN-job-survey\\HaDuongThanh-KLTN-job-survey\\vendor\\laravel\\framework\\src\\Illuminate\\Pipeline\\Pipeline.php(208): Illuminate\\Http\\Middleware\\HandleCors->handle(Object(Illuminate\\Http\\Request), Object(Closure))
#50 E:\\laragon\\www\\HaDuongThanh-KLTN-job-survey\\HaDuongThanh-KLTN-job-survey\\vendor\\laravel\\framework\\src\\Illuminate\\Http\\Middleware\\TrustProxies.php(58): Illuminate\\Pipeline\\Pipeline->Illuminate\\Pipeline\\{closure}(Object(Illuminate\\Http\\Request))
#51 E:\\laragon\\www\\HaDuongThanh-KLTN-job-survey\\HaDuongThanh-KLTN-job-survey\\vendor\\laravel\\framework\\src\\Illuminate\\Pipeline\\Pipeline.php(208): Illuminate\\Http\\Middleware\\TrustProxies->handle(Object(Illuminate\\Http\\Request), Object(Closure))
#52 E:\\laragon\\www\\HaDuongThanh-KLTN-job-survey\\HaDuongThanh-KLTN-job-survey\\vendor\\laravel\\framework\\src\\Illuminate\\Foundation\\Http\\Middleware\\InvokeDeferredCallbacks.php(22): Illuminate\\Pipeline\\Pipeline->Illuminate\\Pipeline\\{closure}(Object(Illuminate\\Http\\Request))
#53 E:\\laragon\\www\\HaDuongThanh-KLTN-job-survey\\HaDuongThanh-KLTN-job-survey\\vendor\\laravel\\framework\\src\\Illuminate\\Pipeline\\Pipeline.php(208): Illuminate\\Foundation\\Http\\Middleware\\InvokeDeferredCallbacks->handle(Object(Illuminate\\Http\\Request), Object(Closure))
#54 E:\\laragon\\www\\HaDuongThanh-KLTN-job-survey\\HaDuongThanh-KLTN-job-survey\\vendor\\laravel\\framework\\src\\Illuminate\\Http\\Middleware\\ValidatePathEncoding.php(26): Illuminate\\Pipeline\\Pipeline->Illuminate\\Pipeline\\{closure}(Object(Illuminate\\Http\\Request))
#55 E:\\laragon\\www\\HaDuongThanh-KLTN-job-survey\\HaDuongThanh-KLTN-job-survey\\vendor\\laravel\\framework\\src\\Illuminate\\Pipeline\\Pipeline.php(208): Illuminate\\Http\\Middleware\\ValidatePathEncoding->handle(Object(Illuminate\\Http\\Request), Object(Closure))
#56 E:\\laragon\\www\\HaDuongThanh-KLTN-job-survey\\HaDuongThanh-KLTN-job-survey\\vendor\\laravel\\framework\\src\\Illuminate\\Pipeline\\Pipeline.php(126): Illuminate\\Pipeline\\Pipeline->Illuminate\\Pipeline\\{closure}(Object(Illuminate\\Http\\Request))
#57 E:\\laragon\\www\\HaDuongThanh-KLTN-job-survey\\HaDuongThanh-KLTN-job-survey\\vendor\\laravel\\framework\\src\\Illuminate\\Foundation\\Http\\Kernel.php(175): Illuminate\\Pipeline\\Pipeline->then(Object(Closure))
#58 E:\\laragon\\www\\HaDuongThanh-KLTN-job-survey\\HaDuongThanh-KLTN-job-survey\\vendor\\laravel\\framework\\src\\Illuminate\\Foundation\\Http\\Kernel.php(144): Illuminate\\Foundation\\Http\\Kernel->sendRequestThroughRouter(Object(Illuminate\\Http\\Request))
#59 E:\\laragon\\www\\HaDuongThanh-KLTN-job-survey\\HaDuongThanh-KLTN-job-survey\\vendor\\laravel\\framework\\src\\Illuminate\\Foundation\\Application.php(1219): Illuminate\\Foundation\\Http\\Kernel->handle(Object(Illuminate\\Http\\Request))
#60 E:\\laragon\\www\\HaDuongThanh-KLTN-job-survey\\HaDuongThanh-KLTN-job-survey\\public\\index.php(20): Illuminate\\Foundation\\Application->handleRequest(Object(Illuminate\\Http\\Request))
#61 E:\\laragon\\www\\HaDuongThanh-KLTN-job-survey\\HaDuongThanh-KLTN-job-survey\\vendor\\laravel\\framework\\src\\Illuminate\\Foundation\\resources\\server.php(23): require_once('E:\\\\laragon\\\\www\\\\...')
#62 {main}
"} 
